"Index","Name","Template","Mesh","PosX","PosY","PosZ"
"3349","hqm_浩气坛入口001_002_HD","npc.json","data\source\maps_source\建筑\jz_z破庙殿001_hd.mesh","108801.90625","2834.345703","168251.828125"
"3654","hqm_浩气坛入口001_002_HD","npc.json","data\source\maps_source\建筑\jz_z破庙殿001_hd.mesh","152638.90625","7170.830078","188579.40625"
"3258","hqm_浩气坛入口001_002_HD","npc.json","data\source\maps_source\建筑\jz_z破庙殿001_hd.mesh","112632.023437","3102.570312","188713.09375"
"1972","WJ_dxc木箱001_007_HD","npc.json","data\source\maps_source\小物件\木箱\wj_dxc木箱001_007_hd.mesh","89929.992187","3511.039062","169448.578125"
"4850","WJ_dxc木箱001_007_HD","npc.json","data\source\maps_source\小物件\木箱\wj_dxc木箱001_007_hd.mesh","156816.25","5441.078125","182494.921875"
"4750","WJ_dxc木箱001_007_HD","npc.json","data\source\maps_source\小物件\木箱\wj_dxc木箱001_007_hd.mesh","159746.8125","3928.601562","174961.984375"
"4857","WJ_dxc木箱001_007_HD","npc.json","data\source\maps_source\小物件\木箱\wj_dxc木箱001_007_hd.mesh","170124.65625","4282.203125","176622.921875"
"4611","WJ_dxc木箱001_011_HD","npc.json","data\source\maps_source\小物件\木箱\wj_dxc木箱001_011_hd.mesh","159074.6875","3940.546875","175584.796875"
"1977","WJ_dxc木箱001_011_HD","npc.json","data\source\maps_source\小物件\木箱\wj_dxc木箱001_011_hd.mesh","89281.242187","3565.007812","169230.40625"
"4551","WJ_dxc木箱001_011_HD","npc.json","data\source\maps_source\小物件\木箱\wj_dxc木箱001_011_hd.mesh","191037.1875","8300.46875","105347.34375"
"388","WJ_erg柜子001.Mesh","npc.json","data\source\maps_source\小物件\室内\wj_erg柜子001_hd.mesh","20329.019531","923.038085","36603.152343"
"671","WJ_erg柜子002.Mesh","npc.json","data\source\maps_source\小物件\室内\wj_erg柜子002_hd.mesh","19039.054687","922.146972","36789.347656"
"1589","WJ_erg柜子002.Mesh","npc.json","data\source\maps_source\小物件\室内\wj_erg柜子002_hd.mesh","63330.882812","222.124023","61411.34375"
"506","WJ_erg柜子002.Mesh","npc.json","data\source\maps_source\小物件\室内\wj_erg柜子002_hd.mesh","18562.890625","1019.194335","36149.132812"
"76","WJ_erg柜子002.Mesh","npc.json","data\source\maps_source\小物件\室内\wj_erg柜子002_hd.mesh","20628.53125","922.146972","36055.414062"
"468","WJ_erg柜子002.Mesh","npc.json","data\source\maps_source\小物件\室内\wj_erg柜子002_hd.mesh","33614.667968","924.695312","39599.265625"
"1627","WJ_erg柜子002.Mesh","npc.json","data\source\maps_source\小物件\室内\wj_erg柜子002_hd.mesh","63134.824218","222.124023","61727.953125"
"526","WJ_erg柜子003.Mesh","npc.json","data\source\maps_source\小物件\室内\wj_erg柜子003_hd.mesh","33524.917968","923.388671","38467.21875"
"173","WJ_erg柜子003.Mesh","npc.json","data\source\maps_source\小物件\室内\wj_erg柜子003_hd.mesh","19625.386718","922.61914","35685.984375"
"263","WJ_erg柜子003.Mesh","npc.json","data\source\maps_source\小物件\室内\wj_erg柜子003_hd.mesh","20704.609375","1328.28955","36304.878906"
"371","WJ_erg柜子003.Mesh","npc.json","data\source\maps_source\小物件\室内\wj_erg柜子003_hd.mesh","34147.597656","923.388671","38691.226562"
"234","WJ_erg柜子003.Mesh","npc.json","data\source\maps_source\小物件\室内\wj_erg柜子003_hd.mesh","33305.738281","923.388671","38821.824218"
"504","WJ_erg柜子003.Mesh","npc.json","data\source\maps_source\小物件\室内\wj_erg柜子003_hd.mesh","35049.136718","923.388671","38654.871093"
"370","WJ_erg箱子001.Mesh","npc.json","data\source\maps_source\小物件\室内\wj_erg箱子001_hd.mesh","17697.671875","644.51416","12666.007812"
"144","WJ_erg箱子001.Mesh","npc.json","data\source\maps_source\小物件\室内\wj_erg箱子001_hd.mesh","17697.671875","644.51416","12819.4375"
"1600","WJ_erg酒坛001.Mesh","npc.json","data\source\maps_source\小物件\室内\wj_erg酒坛001_hd.mesh","63002.4375","277.808105","61729.277343"
"299","WJ_erg酒坛001.Mesh","npc.json","data\source\maps_source\小物件\室内\wj_erg酒坛001_hd.mesh","30935.898437","1119.58789","44377.0"
"593","WJ_erg酒坛001.Mesh","npc.json","data\source\maps_source\小物件\室内\wj_erg酒坛001_hd.mesh","31238.15625","939.472656","43639.785156"
"1762","WJ_erg酒坛001.Mesh","npc.json","data\source\maps_source\小物件\室内\wj_erg酒坛001_hd.mesh","62434.273437","222.11914","61525.453125"
"1533","WJ_erg酒坛002.Mesh","npc.json","data\source\maps_source\小物件\室内\wj_erg酒坛002_hd.mesh","58582.722656","304.83493","61033.117187"
"64","WJ_erg酒坛002.Mesh","npc.json","data\source\maps_source\小物件\室内\wj_erg酒坛002_hd.mesh","30946.652343","1119.578125","44451.195312"
"1674","WJ_erg酒坛002.Mesh","npc.json","data\source\maps_source\小物件\室内\wj_erg酒坛002_hd.mesh","77701.617187","2000.6333","94432.335937"
"562","WJ_erg酒坛002.Mesh","npc.json","data\source\maps_source\小物件\室内\wj_erg酒坛002_hd.mesh","18314.75","740.119628","14581.304687"
"1707","WJ_erg酒坛002.Mesh","npc.json","data\source\maps_source\小物件\室内\wj_erg酒坛002_hd.mesh","77691.210937","1999.476562","94350.5"
"553","WJ_erg酒坛002.Mesh","npc.json","data\source\maps_source\小物件\室内\wj_erg酒坛002_hd.mesh","31618.988281","939.472656","42393.726562"
"4296","WJ_erg酒坛002.Mesh","npc.json","data\source\maps_source\小物件\室内\wj_erg酒坛002_hd.mesh","178869.828125","4957.640625","93790.84375"
"1782","WJ_erg酒坛002.Mesh","npc.json","data\source\maps_source\小物件\室内\wj_erg酒坛002_hd.mesh","77669.523437","1999.192871","94322.023437"
"1631","WJ_erg酒坛002.Mesh","npc.json","data\source\maps_source\小物件\室内\wj_erg酒坛002_hd.mesh","63193.191406","277.794433","61704.019531"
"430","WJ_erg酒坛002.Mesh","npc.json","data\source\maps_source\小物件\室内\wj_erg酒坛002_hd.mesh","30946.652343","1119.578125","44501.878906"
"1801","WJ_erg酒坛002.Mesh","npc.json","data\source\maps_source\小物件\室内\wj_erg酒坛002_hd.mesh","63155.324218","277.794433","61708.972656"
"1641","WJ_erg酒坛002.Mesh","npc.json","data\source\maps_source\小物件\室内\wj_erg酒坛002_hd.mesh","77671.945312","1999.692871","94372.09375"
"1640","WJ_erg酒坛002.Mesh","npc.json","data\source\maps_source\小物件\室内\wj_erg酒坛002_hd.mesh","63010.402343","371.704101","61727.933593"
"1550","WJ_erg酒坛002.Mesh","npc.json","data\source\maps_source\小物件\室内\wj_erg酒坛002_hd.mesh","77715.570312","1999.476562","94334.75"
"2046","WJ_erg酒坛002.Mesh","npc.json","data\source\maps_source\小物件\室内\wj_erg酒坛002_hd.mesh","112168.03125","827.316894","-1112.117919"
"667","WJ_erg酒坛002.Mesh","npc.json","data\source\maps_source\小物件\室内\wj_erg酒坛002_hd.mesh","25866.601562","925.103515","37137.652343"
"1746","WJ_erg酒坛002.Mesh","npc.json","data\source\maps_source\小物件\室内\wj_erg酒坛002_hd.mesh","72111.851562","1417.891601","57558.878906"
"1592","WJ_erg酒坛002.Mesh","npc.json","data\source\maps_source\小物件\室内\wj_erg酒坛002_hd.mesh","63189.933593","371.704101","61704.445312"
"1757","WJ_erg酒坛002.Mesh","npc.json","data\source\maps_source\小物件\室内\wj_erg酒坛002_hd.mesh","58607.605468","304.83493","61082.613281"
"1723","WJ_erg酒坛002.Mesh","npc.json","data\source\maps_source\小物件\室内\wj_erg酒坛002_hd.mesh","63119.136718","277.794433","61713.707031"
"1722","WJ_erg酒坛002.Mesh","npc.json","data\source\maps_source\小物件\室内\wj_erg酒坛002_hd.mesh","63310.921875","371.704101","61357.457031"
"592","WJ_erg酒坛002.Mesh","npc.json","data\source\maps_source\小物件\室内\wj_erg酒坛002_hd.mesh","33773.085937","1013.881835","38477.664062"
"1234","WJ_mj破碎宝物001_001.Mesh","npc.json","data\source\maps_source\门派\明教\wj_mj破碎宝物001_001_hd.mesh","23561.78125","3243.160156","164620.234375"
"1166","WJ_mj破碎宝物001_001.Mesh","npc.json","data\source\maps_source\门派\明教\wj_mj破碎宝物001_001_hd.mesh","24209.070312","3341.384765","167713.78125"
"3945","wj_mj破碎宝物001_001_HD","npc.json","data\source\maps_source\门派\明教\wj_mj破碎宝物001_001_hd.mesh","182364.109375","5575.338867","3393.317871"
"4210","wj_mj破碎宝物001_001_HD","npc.json","data\source\maps_source\门派\明教\wj_mj破碎宝物001_001_hd.mesh","178386.328125","6204.026855","2892.989501"
"3626","wj_mj破碎宝物001_001_HD","npc.json","data\source\maps_source\门派\明教\wj_mj破碎宝物001_001_hd.mesh","119970.171875","4049.09375","169537.09375"
"1227","WJ_mj破碎宝物001_002.Mesh","npc.json","data\source\maps_source\门派\明教\wj_mj破碎宝物001_002_hd.mesh","23989.390625","3241.080078","164606.875"
"3212","wj_mj破碎宝物001_003_HD","npc.json","data\source\maps_source\门派\明教\wj_mj破碎宝物001_003_hd.mesh","116695.59375","4241.134765","187348.859375"
"3370","wj_mj破碎宝物001_003_HD","npc.json","data\source\maps_source\门派\明教\wj_mj破碎宝物001_003_hd.mesh","119139.328125","4035.672851","169746.40625"
"3839","wj_mj破碎宝物001_003_HD","npc.json","data\source\maps_source\门派\明教\wj_mj破碎宝物001_003_hd.mesh","181256.9375","5905.008789","2857.336669"
"3838","wj_mj破碎宝物001_003_HD","npc.json","data\source\maps_source\门派\明教\wj_mj破碎宝物001_003_hd.mesh","178859.484375","6204.027343","3604.230712"
"2878","wj_mj破碎宝物001_003_HD","npc.json","data\source\maps_source\门派\明教\wj_mj破碎宝物001_003_hd.mesh","149629.09375","8009.988281","141063.015625"
"479","WJ_zb箱子001.Mesh","npc.json","data\source\maps_source\小物件\室内\wj_zb箱子001_hd.mesh","33488.09375","1106.021484","39587.167968"
"711","wj_圆木桶001.Mesh","npc.json","data\source\maps_source\小物件\木箱\wj_圆木桶001_hd.mesh","33436.089843","924.695312","39496.738281"
"756","wj_圆木桶001.Mesh","npc.json","data\source\maps_source\小物件\木箱\wj_圆木桶001_hd.mesh","41671.472656","1361.706542","100640.960937"
"2353","wj_圆木桶001.Mesh","npc.json","data\source\maps_source\小物件\木箱\wj_圆木桶001_hd.mesh","134649.890625","2026.92871","11457.296875"
"1518","wj_圆木桶001.Mesh","npc.json","data\source\maps_source\小物件\木箱\wj_圆木桶001_hd.mesh","58282.105468","217.829101","61085.929687"
"2152","wj_圆木桶001.Mesh","npc.json","data\source\maps_source\小物件\木箱\wj_圆木桶001_hd.mesh","131146.21875","2161.872314","15390.848632"
"2190","wj_圆木桶001.Mesh","npc.json","data\source\maps_source\小物件\木箱\wj_圆木桶001_hd.mesh","133696.359375","2968.389892","15455.706054"
"1162","wj_圆木桶002.Mesh","npc.json","data\source\maps_source\小物件\木箱\wj_圆木桶002_hd.mesh","27322.945312","2880.55371","158766.96875"
"1147","wj_圆木桶002.Mesh","npc.json","data\source\maps_source\小物件\木箱\wj_圆木桶002_hd.mesh","38443.273437","5183.96875","161238.3125"
"1299","wj_圆木桶002.Mesh","npc.json","data\source\maps_source\小物件\木箱\wj_圆木桶002_hd.mesh","27446.710937","2972.162109","158710.359375"
"3229","wj_圆木桶002.Mesh","npc.json","data\source\maps_source\小物件\木箱\wj_圆木桶002_hd.mesh","148928.59375","8270.730468","191592.0"
"1991","wj_圆木桶002.Mesh","npc.json","data\source\maps_source\小物件\木箱\wj_圆木桶002_hd.mesh","53434.632812","2819.929687","171469.71875"
"178","wj_圆木桶003.Mesh","npc.json","data\source\maps_source\小物件\木箱\wj_圆木桶003_hd.mesh","19785.136718","614.544921","25590.546875"
"277","wj_圆木桶003.Mesh","npc.json","data\source\maps_source\小物件\木箱\wj_圆木桶003_hd.mesh","20243.78125","766.586425","29901.8125"
"98","wj_圆木桶003.Mesh","npc.json","data\source\maps_source\小物件\木箱\wj_圆木桶003_hd.mesh","30801.097656","651.800781","26143.3125"
"637","wj_圆木桶003.Mesh","npc.json","data\source\maps_source\小物件\木箱\wj_圆木桶003_hd.mesh","29583.953125","868.36621","31512.289062"
"408","wj_圆木桶003.Mesh","npc.json","data\source\maps_source\小物件\木箱\wj_木箱004_002_hd.mesh","20240.382812","767.669921","29698.046875"
"411","wj_圆木桶003.Mesh","npc.json","data\source\maps_source\小物件\木箱\wj_木箱004_002_hd.mesh","19781.738281","622.327148","25387.0"
"1253","wj_圆木桶003.Mesh","npc.json","data\source\maps_source\小物件\木箱\wj_圆木桶003_hd.mesh","22393.070312","3253.943359","160738.625"
"1301","wj_圆木桶003.Mesh","npc.json","data\source\maps_source\小物件\木箱\wj_圆木桶003_hd.mesh","22784.921875","3214.974609","161055.59375"
"1145","wj_圆木桶003.Mesh","npc.json","data\source\maps_source\小物件\木箱\wj_圆木桶003_hd.mesh","22740.859375","3271.099609","161237.4375"
"715","wj_圆木桶003.Mesh","npc.json","data\source\maps_source\小物件\木箱\wj_木箱004_002_hd.mesh","29765.101562","932.129882","39765.875"
"560","wj_圆木桶003.Mesh","npc.json","data\source\maps_source\小物件\木箱\wj_木箱004_002_hd.mesh","26267.203125","645.413085","24840.523437"
"1045","wj_圆木桶003.Mesh","npc.json","data\source\maps_source\小物件\木箱\wj_圆木桶003_hd.mesh","16959.679687","289.42041","128386.539062"
"77","wj_圆木桶003.Mesh","npc.json","data\source\maps_source\小物件\木箱\wj_圆木桶003_hd.mesh","29226.140625","878.839843","31118.976562"
"700","wj_圆木桶003.Mesh","npc.json","data\source\maps_source\小物件\木箱\wj_木箱004_002_hd.mesh","34812.417968","766.478515","32831.21875"
"131","wj_圆木桶003.Mesh","npc.json","data\source\maps_source\小物件\木箱\wj_圆木桶003_hd.mesh","29768.5","941.627441","39969.421875"
"251","wj_圆木桶003.Mesh","npc.json","data\source\maps_source\小物件\木箱\wj_圆木桶003_hd.mesh","29862.15625","875.262695","30199.039062"
"330","wj_圆木桶003.Mesh","npc.json","data\source\maps_source\小物件\木箱\wj_圆木桶003_hd.mesh","34815.816406","775.975585","33034.765625"
"453","wj_圆木桶003.Mesh","npc.json","data\source\maps_source\小物件\木箱\wj_圆木桶003_hd.mesh","26471.3125","656.905273","24978.421875"
"2207","wj_圆木桶堆001.Mesh","npc.json","data\source\maps_source\小物件\木箱\wj_圆木桶堆001_hd.mesh","134440.203125","2036.985595","11322.606445"
"183","wj_圆木桶堆001.Mesh","npc.json","data\source\maps_source\小物件\木箱\wj_圆木桶堆001_hd.mesh","30028.582031","862.547851","30721.789062"
"1773","wj_圆木桶堆001.Mesh","npc.json","data\source\maps_source\小物件\木箱\wj_圆木桶堆001_hd.mesh","58969.285156","217.836914","59606.515625"
"601","wj_圆木桶堆001.Mesh","npc.json","data\source\maps_source\小物件\木箱\wj_圆木桶堆001_hd.mesh","35897.851562","924.695312","39163.207031"
"8","wj_圆木桶堆001.Mesh","npc.json","data\source\maps_source\小物件\木箱\wj_圆木桶堆001_hd.mesh","18174.226562","607.228027","28209.71875"
"767","wj_圆木桶堆001.Mesh","npc.json","data\source\maps_source\小物件\木箱\wj_圆木桶堆001_hd.mesh","42390.671875","1411.669921","100696.226562"
"869","wj_圆木桶堆001.Mesh","npc.json","data\source\maps_source\小物件\木箱\wj_圆木桶堆001_hd.mesh","16413.804687","346.65039","122198.8125"
"1276","wj_圆木桶堆001.Mesh","npc.json","data\source\maps_source\小物件\木箱\wj_圆木桶堆001_hd.mesh","38578.382812","5176.720703","161304.6875"
"307","wj_圆木桶堆001.Mesh","npc.json","data\source\maps_source\小物件\木箱\wj_圆木桶堆001_hd.mesh","17896.796875","644.502441","11982.40625"
"1287","wj_圆木桶堆001.Mesh","npc.json","data\source\maps_source\小物件\木箱\wj_圆木桶堆001_hd.mesh","27458.59375","2881.546875","158701.71875"
"617","wj_圆木桶堆001.Mesh","npc.json","data\source\maps_source\小物件\木箱\wj_圆木桶堆001_hd.mesh","35864.71875","924.703125","38566.449218"
"1090","wj_圆木桶堆002.Mesh","npc.json","data\source\maps_source\小物件\木箱\wj_圆木桶堆002_hd.mesh","18492.40625","257.682128","121467.875"
"1460","wj_圆木桶堆002.Mesh","npc.json","data\source\maps_source\小物件\木箱\wj_圆木桶堆002_hd.mesh","72279.53125","1347.113647","56728.410156"
"1176","wj_圆木桶堆002.Mesh","npc.json","data\source\maps_source\小物件\木箱\wj_圆木桶堆002_hd.mesh","38577.953125","5180.974609","161122.46875"
"1615","wj_圆木桶堆002.Mesh","npc.json","data\source\maps_source\小物件\木箱\wj_圆木桶堆002_hd.mesh","58922.761718","203.130187","59366.527343"
"1248","wj_圆木桶堆002.Mesh","npc.json","data\source\maps_source\小物件\木箱\wj_圆木桶堆002_hd.mesh","27315.046875","2873.52539","158589.5"
"1523","wj_圆木桶堆002.Mesh","npc.json","data\source\maps_source\小物件\木箱\wj_圆木桶堆002_hd.mesh","58098.0625","1071.075195","61348.167968"
"434","wj_圆木桶堆002.Mesh","npc.json","data\source\maps_source\小物件\木箱\wj_圆木桶堆002_hd.mesh","34043.277343","902.456054","33820.871093"
"1359","wj_圆木桶堆002.Mesh","npc.json","data\source\maps_source\小物件\木箱\wj_圆木桶堆002_hd.mesh","97452.992187","1446.23413","50901.238281"
"1681","wj_圆木桶堆002.Mesh","npc.json","data\source\maps_source\小物件\木箱\wj_圆木桶堆002_hd.mesh","58346.816406","1069.543945","61326.40625"
"1969","wj_圆木桶堆003.Mesh","npc.json","data\source\maps_source\小物件\木箱\wj_圆木桶堆003_hd.mesh","53020.183593","2960.711914","174328.703125"
"1128","wj_圆木桶堆003.Mesh","npc.json","data\source\maps_source\小物件\木箱\wj_圆木桶堆003_hd.mesh","41780.785156","3142.417968","189997.5"
"1304","wj_圆木桶堆003.Mesh","npc.json","data\source\maps_source\小物件\木箱\wj_圆木桶堆003_hd.mesh","22722.640625","3209.112304","160834.25"
"1999","wj_圆木桶堆003.Mesh","npc.json","data\source\maps_source\小物件\木箱\wj_圆木桶堆003_hd.mesh","53443.714843","2700.649414","171524.046875"
"1474","wj_圆水木桶001.Mesh","npc.json","data\source\maps_source\小物件\木箱\wj_圆水木桶001_hd.mesh","61693.769531","207.104156","63554.164062"
"871","wj_圆水木桶004.Mesh","npc.json","data\source\maps_source\小物件\木箱\wj_圆水木桶004_hd.mesh","14230.28125","864.857727","121874.992187"
"1887","wj_圆水木桶007.Mesh","npc.json","data\source\maps_source\小物件\木箱\wj_圆水木桶007_hd.mesh","65016.421875","273.628967","61009.03125"
"200","WJ_坛子001_001.Mesh","npc.json","data\source\maps_source\小物件\坛罐\wj_坛子001_001_hd.mesh","33492.09375","924.710937","38595.15625"
"1733","WJ_坛子001_001.Mesh","npc.json","data\source\maps_source\小物件\坛罐\wj_坛子001_001_hd.mesh","62861.488281","222.117675","60883.140625"
"552","WJ_坛子001_001.Mesh","npc.json","data\source\maps_source\小物件\坛罐\wj_坛子001_001_hd.mesh","33306.5","1487.304687","38584.605468"
"581","WJ_坛子001_001.Mesh","npc.json","data\source\maps_source\小物件\坛罐\wj_坛子001_001_hd.mesh","31039.152343","939.460937","44569.476562"
"145","WJ_坛子001_001.Mesh","npc.json","data\source\maps_source\小物件\坛罐\wj_坛子001_001_hd.mesh","18783.570312","644.510253","12490.5625"
"1519","WJ_坛子001_001.Mesh","npc.json","data\source\maps_source\小物件\坛罐\wj_坛子001_001_hd.mesh","63267.199218","222.117675","61567.644531"
"578","WJ_坛子001_001.Mesh","npc.json","data\source\maps_source\小物件\坛罐\wj_坛子001_001_hd.mesh","31095.539062","939.480468","42027.546875"
"493","WJ_坛子001_001.Mesh","npc.json","data\source\maps_source\小物件\坛罐\wj_坛子001_001_hd.mesh","35167.808593","924.710937","38555.058593"
"217","WJ_坛子001_001.Mesh","npc.json","data\source\maps_source\小物件\坛罐\wj_坛子001_001_hd.mesh","34473.007812","1029.794921","44154.011718"
"441","WJ_坛子001_001.Mesh","npc.json","data\source\maps_source\小物件\坛罐\wj_坛子001_001_hd.mesh","17731.132812","644.506347","14417.476562"
"444","WJ_坛子001_001.Mesh","npc.json","data\source\maps_source\小物件\坛罐\wj_坛子001_001_hd.mesh","17865.0625","644.506347","14479.34375"
"1458","WJ_坛子001_001.Mesh","npc.json","data\source\maps_source\小物件\坛罐\wj_坛子001_001_hd.mesh","63343.84375","486.650878","61575.949218"
"1803","WJ_坛子001_001.Mesh","npc.json","data\source\maps_source\小物件\坛罐\wj_坛子001_001_hd.mesh","61171.457031","222.117675","61302.191406"
"392","WJ_坛子001_001.Mesh","npc.json","data\source\maps_source\小物件\坛罐\wj_坛子001_001_hd.mesh","34333.195312","1487.324218","38702.027343"
"1114","WJ_坛子001_001.Mesh","npc.json","data\source\maps_source\小物件\坛罐\wj_坛子001_001_hd.mesh","16015.679687","507.922363","119588.304687"
"1597","WJ_坛子001_001.Mesh","npc.json","data\source\maps_source\小物件\坛罐\wj_坛子001_001_hd.mesh","63246.253906","222.117675","61394.109375"
"1489","WJ_坛子001_001.Mesh","npc.json","data\source\maps_source\小物件\坛罐\wj_坛子001_001_hd.mesh","63412.070312","223.017578","59260.492187"
"508","WJ_坛子001_001_HD","npc.json","data\source\maps_source\小物件\坛罐\wj_坛子001_001_hd.mesh","43058.855468","1031.24707","36713.332031"
"1708","WJ_坛子001_002.Mesh","npc.json","data\source\maps_source\小物件\坛罐\wj_坛子001_002_hd.mesh","63317.28125","278.253906","61464.375"
"1507","WJ_坛子001_002.Mesh","npc.json","data\source\maps_source\小物件\坛罐\wj_坛子001_002_hd.mesh","69587.484375","968.395507","55993.929687"
"1683","WJ_坛子001_002.Mesh","npc.json","data\source\maps_source\小物件\坛罐\wj_坛子001_002_hd.mesh","63149.242187","373.255859","61710.265625"
"1593","WJ_坛子001_002.Mesh","npc.json","data\source\maps_source\小物件\坛罐\wj_坛子001_002_hd.mesh","63173.847656","224.222167","61654.6875"
"717","WJ_坛子001_002.Mesh","npc.json","data\source\maps_source\小物件\坛罐\wj_坛子001_002_hd.mesh","33705.171875","1013.378906","38474.316406"
"579","WJ_坛子001_002.Mesh","npc.json","data\source\maps_source\小物件\坛罐\wj_坛子001_002_hd.mesh","30950.597656","1119.589843","44553.273437"
"22","WJ_坛子001_003.Mesh","npc.json","data\source\maps_source\小物件\坛罐\wj_坛子001_003_hd.mesh","33300.1875","1013.386718","39066.007812"
"433","WJ_坛子001_003.Mesh","npc.json","data\source\maps_source\小物件\坛罐\wj_坛子001_003_hd.mesh","33298.015625","1013.386718","38993.5"
"516","WJ_坛子001_003_HD","npc.json","data\source\maps_source\小物件\坛罐\wj_坛子001_003_hd.mesh","43195.066406","1040.548828","36609.324218"
"75","WJ_坛子002_001.Mesh","npc.json","data\source\maps_source\小物件\坛罐\wj_坛子002_001_hd.mesh","33523.203125","733.909179","24188.21875"
"359","WJ_坛子002_001.Mesh","npc.json","data\source\maps_source\小物件\坛罐\wj_坛子002_001_hd.mesh","17642.0","644.490722","13933.742187"
"681","WJ_坛子002_001.Mesh","npc.json","data\source\maps_source\小物件\坛罐\wj_坛子002_001_hd.mesh","35897.625","1487.304687","38469.308593"
"708","WJ_坛子002_001.Mesh","npc.json","data\source\maps_source\小物件\坛罐\wj_坛子002_001_hd.mesh","33426.929687","920.876953","39101.9375"
"1532","WJ_坛子002_003.Mesh","npc.json","data\source\maps_source\小物件\坛罐\wj_坛子002_003_hd.mesh","62863.398437","222.120605","61704.664062"
"171","WJ_坛子002_004.Mesh","npc.json","data\source\maps_source\小物件\坛罐\wj_坛子002_004_hd.mesh","30997.613281","939.46875","42150.257812"
"246","WJ_坛子002_004.Mesh","npc.json","data\source\maps_source\小物件\坛罐\wj_坛子002_004_hd.mesh","31875.9375","939.472656","43077.84375"
"321","WJ_坛子002_005.Mesh","npc.json","data\source\maps_source\小物件\坛罐\wj_坛子002_005_hd.mesh","33398.808593","730.232421","24206.3125"
"703","WJ_坛子002_005.Mesh","npc.json","data\source\maps_source\小物件\坛罐\wj_坛子002_005_hd.mesh","33631.960937","738.575195","24199.234375"
"1840","WJ_小瓶子001.Mesh","npc.json","data\source\maps_source\小物件\室内\wj_小瓶子001_hd.mesh","58652.5625","304.83728","60983.664062"
"153","WJ_小瓶子001.Mesh","npc.json","data\source\maps_source\小物件\室内\wj_小瓶子001_hd.mesh","34141.414062","1013.99121","38516.066406"
"610","WJ_小瓶子001.Mesh","npc.json","data\source\maps_source\小物件\室内\wj_小瓶子001_hd.mesh","19860.046875","1029.901855","36790.589843"
"1542","WJ_小瓶子001.Mesh","npc.json","data\source\maps_source\小物件\室内\wj_小瓶子001_hd.mesh","63106.289062","371.394531","61712.433593"
"435","WJ_小瓶子001.Mesh","npc.json","data\source\maps_source\小物件\室内\wj_小瓶子001_hd.mesh","31329.910156","989.136718","42843.609375"
"1548","WJ_小瓶子001.Mesh","npc.json","data\source\maps_source\小物件\室内\wj_小瓶子001_hd.mesh","58473.117187","304.83493","60566.160156"
"1638","WJ_小瓶子001.Mesh","npc.json","data\source\maps_source\小物件\室内\wj_小瓶子001_hd.mesh","62903.960937","290.52539","61231.621093"
"417","WJ_小瓶子001.Mesh","npc.json","data\source\maps_source\小物件\室内\wj_小瓶子001_hd.mesh","19458.023437","1024.529785","36794.722656"
"1668","WJ_小瓶子001.Mesh","npc.json","data\source\maps_source\小物件\室内\wj_小瓶子001_hd.mesh","63318.667968","371.394531","61429.824218"
"646","wj_小药瓶_001.Mesh","npc.json","data\source\maps_source\小物件\生活品\wj_小药瓶_001_hd.mesh","18602.734375","740.131347","14551.09375"
"917","wj_小药瓶_002.Mesh","npc.json","data\source\maps_source\小物件\生活品\wj_小药瓶_002_hd.mesh","15900.070312","442.481933","122194.03125"
"729","wj_小药瓶_002.Mesh","npc.json","data\source\maps_source\小物件\生活品\wj_小药瓶_002_hd.mesh","18816.546875","877.640625","13716.046875"
"157","wj_小药瓶_002.Mesh","npc.json","data\source\maps_source\小物件\生活品\wj_小药瓶_002_hd.mesh","18816.546875","877.640625","12715.75"
"675","wj_小药瓶_002.Mesh","npc.json","data\source\maps_source\小物件\生活品\wj_小药瓶_002_hd.mesh","18816.546875","877.640625","12762.421875"
"243","wj_小药瓶_002.Mesh","npc.json","data\source\maps_source\小物件\生活品\wj_小药瓶_002_hd.mesh","18678.453125","746.328613","13716.046875"
"974","WJ_木箱001.Mesh","npc.json","data\source\maps_source\小物件\木箱\wj_木箱001_hd.mesh","24993.582031","338.339843","123231.148437"
"1466","WJ_木箱001.Mesh","npc.json","data\source\maps_source\小物件\木箱\wj_木箱001_hd.mesh","58206.441406","612.767578","60945.125"
"505","WJ_木箱001.Mesh","npc.json","data\source\maps_source\小物件\木箱\wj_木箱001_hd.mesh","19273.410156","1331.131835","36771.296875"
"12","WJ_木箱001.Mesh","npc.json","data\source\maps_source\小物件\木箱\wj_木箱001_hd.mesh","19264.953125","921.916015","35705.351562"
"432","WJ_木箱001.Mesh","npc.json","data\source\maps_source\小物件\木箱\wj_木箱001_hd.mesh","20270.382812","1085.483398","36798.503906"
"515","WJ_木箱001.Mesh","npc.json","data\source\maps_source\小物件\木箱\wj_木箱001_hd.mesh","20364.457031","1007.895507","36791.199218"
"1553","WJ_木箱001.Mesh","npc.json","data\source\maps_source\小物件\木箱\wj_木箱001_hd.mesh","58512.804687","304.83493","61064.285156"
"4307","WJ_木箱001.Mesh","npc.json","data\source\maps_source\小物件\木箱\wj_木箱001_hd.mesh","178785.8125","4982.86914","93806.03125"
"517","WJ_木箱001.Mesh","npc.json","data\source\maps_source\小物件\室内\wj_木箱001_hd.mesh","33637.0","1108.90625","39568.113281"
"343","WJ_木箱001.Mesh","npc.json","data\source\maps_source\小物件\木箱\wj_木箱001_hd.mesh","33447.792968","1252.202148","39593.800781"
"1838","WJ_木箱001.Mesh","npc.json","data\source\maps_source\小物件\木箱\wj_木箱001_hd.mesh","72081.601562","1443.121093","57638.734375"
"297","WJ_木箱001.Mesh","npc.json","data\source\maps_source\小物件\室内\wj_木箱001_hd.mesh","20593.898437","1150.547851","36621.316406"
"361","WJ_木箱001.Mesh","npc.json","data\source\maps_source\小物件\木箱\wj_木箱001_hd.mesh","33502.261718","1304.876953","39592.171875"
"247","WJ_木箱001.Mesh","npc.json","data\source\maps_source\小物件\木箱\wj_木箱001_hd.mesh","25836.351562","950.333007","37217.507812"
"402","WJ_木箱001.Mesh","npc.json","data\source\maps_source\小物件\室内\wj_木箱001_hd.mesh","33653.171875","1056.141601","39573.964843"
"376","WJ_木箱001.Mesh","npc.json","data\source\maps_source\小物件\木箱\wj_木箱001_hd.mesh","33563.242187","1252.202148","39590.347656"
"633","WJ_木箱001.Mesh","npc.json","data\source\maps_source\小物件\木箱\wj_木箱001_hd.mesh","18608.585937","1128.882812","35919.496093"
"662","WJ_木箱001.Mesh","npc.json","data\source\maps_source\小物件\木箱\wj_木箱001_hd.mesh","18598.742187","1227.831054","36218.285156"
"283","WJ_木箱001.Mesh","npc.json","data\source\maps_source\小物件\室内\wj_木箱001_hd.mesh","18946.285156","1006.790527","36754.597656"
"176","WJ_木箱001.Mesh","npc.json","data\source\maps_source\小物件\室内\wj_木箱001_hd.mesh","18970.90625","1085.949218","36762.886718"
"152","WJ_木箱001.Mesh","npc.json","data\source\maps_source\小物件\室内\wj_木箱001_hd.mesh","19941.5625","1022.746093","36772.40625"
"2076","WJ_木箱002.Mesh","npc.json","data\source\maps_source\小物件\木箱\wj_木箱002_hd.mesh","104357.9375","1204.065551","47597.179687"
"1331","WJ_木箱002.Mesh","npc.json","data\source\maps_source\小物件\木箱\wj_木箱002_hd.mesh","73236.054687","2089.710937","35206.835937"
"970","WJ_木箱002.Mesh","npc.json","data\source\maps_source\小物件\木箱\wj_木箱002_hd.mesh","17353.15625","1172.554687","122247.71875"
"1077","WJ_木箱002.Mesh","npc.json","data\source\maps_source\小物件\木箱\wj_木箱002_hd.mesh","17293.421875","1175.134277","122418.632812"
"2332","WJ_木箱002.Mesh","npc.json","data\source\maps_source\小物件\木箱\wj_木箱002_hd.mesh","108375.773437","852.283447","12760.59375"
"2119","WJ_木箱002.Mesh","npc.json","data\source\maps_source\小物件\木箱\wj_木箱002_hd.mesh","113692.40625","723.305175","484.951171"
"1037","WJ_木箱002.Mesh","npc.json","data\source\maps_source\小物件\木箱\wj_木箱002_hd.mesh","17325.4375","1251.018554","122338.109375"
"2439","WJ_木箱004_001.Mesh","npc.json","data\source\maps_source\小物件\木箱\wj_木箱004_001_hd.mesh","135903.40625","386.657714","35530.566406"
"653","WJ_木箱004_001.Mesh","npc.json","data\source\maps_source\小物件\木箱\wj_木箱004_001_hd.mesh","31168.3125","674.023925","25617.195312"
"1831","WJ_木箱004_001.Mesh","npc.json","data\source\maps_source\小物件\木箱\wj_木箱004_001_hd.mesh","69915.171875","1044.189941","52212.628906"
"2269","WJ_木箱004_001.Mesh","npc.json","data\source\maps_source\小物件\木箱\wj_木箱004_001_hd.mesh","121016.320312","1718.393066","20469.617187"
"1751","WJ_木箱004_001.Mesh","npc.json","data\source\maps_source\小物件\木箱\wj_木箱004_001_hd.mesh","69064.242187","1097.949218","64153.046875"
"1274","WJ_木箱004_001.Mesh","npc.json","data\source\maps_source\小物件\木箱\wj_木箱004_001_hd.mesh","39139.378906","4860.3125","163983.375"
"4005","WJ_木箱004_001.Mesh","npc.json","data\source\maps_source\小物件\木箱\wj_木箱004_001_hd.mesh","173235.0625","7025.637695","43304.207031"
"803","WJ_木箱004_001.Mesh","npc.json","data\source\maps_source\小物件\木箱\wj_木箱004_001_hd.mesh","17449.609375","541.177246","92970.8125"
"1760","WJ_木箱004_001.Mesh","npc.json","data\source\maps_source\小物件\木箱\wj_木箱004_001_hd.mesh","71001.953125","1256.680664","59902.636718"
"1688","WJ_木箱004_001.Mesh","npc.json","data\source\maps_source\小物件\木箱\wj_木箱004_001_hd.mesh","69676.859375","995.498046","55587.46875"
"4199","WJ_木箱004_001.Mesh","npc.json","data\source\maps_source\小物件\木箱\wj_木箱004_001_hd.mesh","172154.859375","7081.775878","40832.273437"
"1587","WJ_木箱004_001.Mesh","npc.json","data\source\maps_source\小物件\木箱\wj_木箱004_001_hd.mesh","70563.859375","1259.163085","62447.058593"
"375","WJ_木箱004_001.Mesh","npc.json","data\source\maps_source\小物件\木箱\wj_木箱004_001_hd.mesh","29858.117187","869.341796","30915.429687"
"1206","WJ_木箱004_001.Mesh","npc.json","data\source\maps_source\小物件\木箱\wj_木箱004_001_hd.mesh","30333.5","3526.167968","160346.765625"
"1053","WJ_木箱004_001.Mesh","npc.json","data\source\maps_source\小物件\木箱\wj_木箱004_001_hd.mesh","45976.054687","4269.789062","147393.859375"
"2217","WJ_木箱004_001.Mesh","npc.json","data\source\maps_source\小物件\木箱\wj_木箱004_001_hd.mesh","139642.765625","1526.208496","11479.875976"
"2653","WJ_木箱004_001.Mesh","npc.json","data\source\maps_source\小物件\木箱\wj_木箱004_001_hd.mesh","120961.148437","-828.799682","52812.609375"
"1505","WJ_木箱004_001.Mesh","npc.json","data\source\maps_source\小物件\木箱\wj_木箱004_001_hd.mesh","59952.28125","204.494628","56986.730468"
"2137","WJ_木箱004_001.Mesh","npc.json","data\source\maps_source\小物件\木箱\wj_木箱004_001_hd.mesh","135636.578125","351.950073","35656.453125"
"1025","WJ_木箱004_001.Mesh","npc.json","data\source\maps_source\小物件\木箱\wj_木箱004_001_hd.mesh","23365.390625","248.165039","127764.234375"
"1024","WJ_木箱004_001.Mesh","npc.json","data\source\maps_source\小物件\木箱\wj_木箱004_001_hd.mesh","18013.03125","235.309082","122692.828125"
"2616","WJ_木箱004_001.Mesh","npc.json","data\source\maps_source\小物件\木箱\wj_木箱004_001_hd.mesh","121141.921875","-848.41333","52719.21875"
"2400","WJ_木箱004_001.Mesh","npc.json","data\source\maps_source\小物件\木箱\wj_木箱004_001_hd.mesh","133816.453125","2959.472656","15286.223632"
"2508","WJ_木箱004_001.Mesh","npc.json","data\source\maps_source\小物件\木箱\wj_木箱004_001_hd.mesh","121048.828125","1704.281738","20614.134765"
"960","WJ_木箱004_001.Mesh","npc.json","data\source\maps_source\小物件\木箱\wj_木箱004_001_hd.mesh","38593.421875","294.760253","112285.1875"
"1791","WJ_木箱004_001.Mesh","npc.json","data\source\maps_source\小物件\木箱\wj_木箱004_001_hd.mesh","76217.070312","1387.254882","61012.738281"
"1061","WJ_木箱004_001.Mesh","npc.json","data\source\maps_source\小物件\木箱\wj_木箱004_001_hd.mesh","20376.474609","442.578125","102884.445312"
"1907","WJ_木箱004_001.Mesh","npc.json","data\source\maps_source\小物件\木箱\wj_木箱004_001_hd.mesh","60362.535156","1253.25","132609.9375"
"1092","WJ_木箱004_001.Mesh","npc.json","data\source\maps_source\小物件\木箱\wj_木箱004_001_hd.mesh","47873.847656","1278.252929","135845.0625"
"49","wj_木箱004_001_HD","npc.json","data\source\maps_source\小物件\木箱\wj_木箱004_001_hd.mesh","32067.367187","873.733398","34559.925781"
"1482","WJ_木箱004_002.Mesh","npc.json","data\source\maps_source\小物件\木箱\wj_木箱004_002_hd.mesh","71952.078125","1439.944335","59830.050781"
"1612","WJ_木箱004_002.Mesh","npc.json","data\source\maps_source\小物件\木箱\wj_木箱004_002_hd.mesh","75508.132812","1389.177734","61043.824218"
"2126","WJ_木箱004_002.Mesh","npc.json","data\source\maps_source\小物件\木箱\wj_木箱004_002_hd.mesh","133866.515625","2958.135986","15161.566406"
"585","WJ_木箱004_002.Mesh","npc.json","data\source\maps_source\小物件\木箱\wj_木箱004_002_hd.mesh","9687.828125","2036.005859","30488.765625"
"1625","WJ_木箱004_002.Mesh","npc.json","data\source\maps_source\小物件\木箱\wj_木箱004_002_hd.mesh","67965.789062","1027.367675","55280.59375"
"1606","WJ_木箱004_002.Mesh","npc.json","data\source\maps_source\小物件\木箱\wj_木箱004_002_hd.mesh","77647.835937","2004.281738","94578.859375"
"1528","WJ_木箱004_002.Mesh","npc.json","data\source\maps_source\小物件\木箱\wj_木箱004_002_hd.mesh","60255.78125","200.980957","56694.867187"
"2690","WJ_木箱004_002.Mesh","npc.json","data\source\maps_source\小物件\木箱\wj_木箱004_002_hd.mesh","136447.0","-537.323242","79169.578125"
"2112","WJ_木箱004_002.Mesh","npc.json","data\source\maps_source\小物件\木箱\wj_木箱004_002_hd.mesh","131228.5625","2099.28247","15201.655273"
"4867","WJ_木箱004_002.Mesh","npc.json","data\source\maps_source\小物件\木箱\wj_木箱004_002_hd.mesh","177771.5625","8893.038085","158900.359375"
"4356","WJ_木箱004_002.Mesh","npc.json","data\source\maps_source\小物件\木箱\wj_木箱004_002_hd.mesh","185992.953125","-297.396972","59913.707031"
"551","WJ_木箱004_002.Mesh","npc.json","data\source\maps_source\小物件\木箱\wj_木箱004_002_hd.mesh","29580.554687","876.624023","31308.742187"
"528","WJ_木箱004_002.Mesh","npc.json","data\source\maps_source\小物件\木箱\wj_木箱004_002_hd.mesh","32721.960937","1001.784667","43165.710937"
"2393","WJ_木箱004_002.Mesh","npc.json","data\source\maps_source\小物件\木箱\wj_木箱004_002_hd.mesh","135088.171875","2966.418457","14493.499023"
"4420","WJ_木箱004_002.Mesh","npc.json","data\source\maps_source\小物件\木箱\wj_木箱004_002_hd.mesh","180700.0","4798.228515","94959.921875"
"2248","WJ_木箱004_002.Mesh","npc.json","data\source\maps_source\小物件\木箱\wj_木箱004_002_hd.mesh","136022.09375","399.713134","35530.566406"
"172","WJ_木箱004_002.Mesh","npc.json","data\source\maps_source\小物件\木箱\wj_木箱004_002_hd.mesh","29633.257812","1027.368164","31962.75"
"596","WJ_木箱004_002.Mesh","npc.json","data\source\maps_source\小物件\木箱\wj_木箱004_002_hd.mesh","24045.195312","867.762695","36669.484375"
"2411","WJ_木箱004_002.Mesh","npc.json","data\source\maps_source\小物件\木箱\wj_木箱004_002_hd.mesh","140046.09375","1554.904663","11629.098632"
"270","WJ_木箱004_002.Mesh","npc.json","data\source\maps_source\小物件\木箱\wj_木箱004_002_hd.mesh","10268.15625","1877.543945","30455.078125"
"2351","WJ_木箱004_002.Mesh","npc.json","data\source\maps_source\小物件\木箱\wj_木箱004_002_hd.mesh","133866.515625","2962.976074","14765.20996"
"305","WJ_木箱004_002.Mesh","npc.json","data\source\maps_source\小物件\木箱\wj_木箱004_002_hd.mesh","30726.789062","671.041503","25939.765625"
"2300","WJ_木箱004_002.Mesh","npc.json","data\source\maps_source\小物件\木箱\wj_木箱004_002_hd.mesh","134503.5","2920.642333","14677.394531"
"1894","WJ_木箱004_002.Mesh","npc.json","data\source\maps_source\小物件\木箱\wj_木箱004_002_hd.mesh","52110.503906","3303.583007","83751.21875"
"1778","WJ_木箱004_002.Mesh","npc.json","data\source\maps_source\小物件\木箱\wj_木箱004_002_hd.mesh","59969.898437","196.824218","57299.605468"
"223","WJ_木箱004_002.Mesh","npc.json","data\source\maps_source\小物件\木箱\wj_木箱004_002_hd.mesh","19459.246093","631.460937","28183.085937"
"3915","WJ_木箱004_002.Mesh","npc.json","data\source\maps_source\小物件\木箱\wj_木箱004_002_hd.mesh","179703.609375","7304.515136","6451.360351"
"2391","WJ_木箱004_002.Mesh","npc.json","data\source\maps_source\小物件\木箱\wj_木箱004_002_hd.mesh","133953.265625","2959.332275","15476.814453"
"1713","WJ_木箱004_002.Mesh","npc.json","data\source\maps_source\小物件\木箱\wj_木箱004_002_hd.mesh","62830.125","216.949707","60129.960937"
"2197","WJ_木箱004_002.Mesh","npc.json","data\source\maps_source\小物件\木箱\wj_木箱004_002_hd.mesh","120850.960937","1889.28833","18034.007812"
"1022","WJ_木箱004_002.Mesh","npc.json","data\source\maps_source\小物件\木箱\wj_木箱004_002_hd.mesh","16672.546875","272.638671","128664.5625"
"1034","WJ_木箱004_002.Mesh","npc.json","data\source\maps_source\小物件\木箱\wj_木箱004_002_hd.mesh","47672.597656","1277.688476","135579.734375"
"2174","WJ_木箱004_002.Mesh","npc.json","data\source\maps_source\小物件\木箱\wj_木箱004_002_hd.mesh","110326.984375","764.059448","2140.968261"
"1454","WJ_木箱004_002.Mesh","npc.json","data\source\maps_source\小物件\木箱\wj_木箱004_002_hd.mesh","72375.851562","1342.704101","58094.414062"
"2660","WJ_木箱004_002.Mesh","npc.json","data\source\maps_source\小物件\木箱\wj_木箱004_002_hd.mesh","136240.0625","-556.146484","79045.460937"
"1675","WJ_木箱004_002.Mesh","npc.json","data\source\maps_source\小物件\木箱\wj_木箱004_002_hd.mesh","84577.59375","1943.151367","86375.398437"
"743","WJ_木箱004_002.Mesh","npc.json","data\source\maps_source\小物件\木箱\wj_木箱004_002_hd.mesh","44281.160156","1971.21875","76340.765625"
"2037","WJ_木箱004_002.Mesh","npc.json","data\source\maps_source\小物件\木箱\wj_木箱004_002_hd.mesh","113358.414062","766.967773","-4058.641845"
"745","WJ_木箱004_002.Mesh","npc.json","data\source\maps_source\小物件\木箱\wj_木箱004_002_hd.mesh","44444.976562","1979.367187","76183.195312"
"684","WJ_木箱004_002.Mesh","npc.json","data\source\maps_source\小物件\木箱\wj_木箱004_002_hd.mesh","38232.285156","1085.234375","36880.425781"
"1742","WJ_木箱004_002.Mesh","npc.json","data\source\maps_source\小物件\车\wj_破车001_001_hd.mesh","67973.921875","853.508789","55226.210937"
"3467","WJ_木箱004_002.Mesh","npc.json","data\source\maps_source\小物件\木箱\wj_木箱004_002_hd.mesh","117289.28125","3792.659179","171801.453125"
"175","wj_木箱004_002_HD","npc.json","data\source\maps_source\小物件\木箱\wj_木箱004_002_hd.mesh","32275.664062","875.49414","34817.269531"
"1524","wj_木箱004_002_HD","npc.json","data\source\maps_source\小物件\木箱\wj_木箱004_002_hd.mesh","72161.789062","1356.317871","56275.757812"
"1622","wj_木箱004_002_HD","npc.json","data\source\maps_source\小物件\木箱\wj_木箱004_002_hd.mesh","74794.429687","1395.828125","56249.78125"
"1487","wj_木箱004_002_HD","npc.json","data\source\maps_source\小物件\木箱\wj_木箱004_002_hd.mesh","74679.84375","1328.345703","56872.070312"
"1480","wj_木箱004_002_HD","npc.json","data\source\maps_source\小物件\木箱\wj_木箱004_002_hd.mesh","74671.6875","1402.70166","56992.070312"
"2481","WJ_木箱堆001.Mesh","npc.json","data\source\maps_source\小物件\木箱\wj_木箱堆001_hd.mesh","108142.320312","877.222412","12885.856445"
"2287","WJ_木箱堆001.Mesh","npc.json","data\source\maps_source\小物件\木箱\wj_木箱堆001_hd.mesh","113767.695312","720.865539","637.84436"
"2149","WJ_木箱堆001.Mesh","npc.json","data\source\maps_source\小物件\木箱\wj_木箱堆001_hd.mesh","104371.476562","1198.120239","47767.335937"
"4807","WJ_木箱堆001.Mesh","npc.json","data\source\maps_source\小物件\木箱\wj_木箱堆001_hd.mesh","167156.25","7076.637695","158495.34375"
"1428","WJ_木箱堆001.Mesh","npc.json","data\source\maps_source\小物件\木箱\wj_木箱堆001_hd.mesh","73075.859375","2120.508789","35417.855468"
"915","WJ_木箱堆002.Mesh","npc.json","data\source\maps_source\小物件\木箱\wj_木箱堆002_hd.mesh","24797.695312","339.58789","123173.9375"
"4740","WJ_木箱堆002.Mesh","npc.json","data\source\maps_source\小物件\木箱\wj_木箱堆002_hd.mesh","166750.234375","7034.436523","158133.0"
"4618","WJ_物什箱013.Mesh","npc.json","data\source\maps_source\小物件\木箱\wj_物什箱013_hd.mesh","167088.828125","7034.436523","158078.015625"
"149","WJ_物什箱013.Mesh","npc.json","data\source\maps_source\小物件\木箱\wj_物什箱013_hd.mesh","33482.015625","1056.28125","39580.375"
"4743","WJ_物什箱013.Mesh","npc.json","data\source\maps_source\小物件\木箱\wj_物什箱013_hd.mesh","167153.828125","7148.543945","158683.53125"
"4855","WJ_物什箱013.Mesh","npc.json","data\source\maps_source\小物件\木箱\wj_物什箱013_hd.mesh","166786.15625","7172.692382","158655.40625"
"310","WJ_物什箱014.Mesh","npc.json","data\source\maps_source\小物件\木箱\wj_物什箱014_hd.mesh","20374.109375","1152.239257","36799.0"
"1027","WJ_物什箱014.Mesh","npc.json","data\source\maps_source\小物件\木箱\wj_物什箱014_hd.mesh","25409.183593","309.135742","122676.554687"
"1068","WJ_物什箱014.Mesh","npc.json","data\source\maps_source\小物件\木箱\wj_物什箱014_hd.mesh","25335.078125","309.135742","122649.648437"
"497","WJ_物什箱014.Mesh","npc.json","data\source\maps_source\小物件\木箱\wj_物什箱014_hd.mesh","18590.09375","1312.910156","35965.542968"
"336","WJ_物什箱014.Mesh","npc.json","data\source\maps_source\小物件\木箱\wj_物什箱014_hd.mesh","19100.300781","1008.65625","36761.992187"
"4512","WJ_物什箱014.Mesh","npc.json","data\source\maps_source\小物件\木箱\wj_物什箱014_hd.mesh","164764.140625","7718.642578","148776.1875"
"189","WJ_物什箱014.Mesh","npc.json","data\source\maps_source\小物件\木箱\wj_物什箱014_hd.mesh","20584.1875","1085.671875","36633.914062"
"577","WJ_物什箱014.Mesh","npc.json","data\source\maps_source\小物件\木箱\wj_物什箱014_hd.mesh","20106.980468","921.927734","35741.75"
"1009","WJ_物什箱014.Mesh","npc.json","data\source\maps_source\小物件\木箱\wj_物什箱014_hd.mesh","25311.273437","344.300292","123306.15625"
"530","WJ_物什箱014.Mesh","npc.json","data\source\maps_source\小物件\木箱\wj_物什箱014_hd.mesh","20409.375","921.927734","35757.503906"
"133","WJ_物什箱014.Mesh","npc.json","data\source\maps_source\小物件\木箱\wj_物什箱014_hd.mesh","33563.265625","1056.285156","39570.417968"
"110","WJ_物什箱014.Mesh","npc.json","data\source\maps_source\小物件\木箱\wj_物什箱014_hd.mesh","19817.152343","1013.826171","35693.613281"
"4841","WJ_物什箱014.Mesh","npc.json","data\source\maps_source\小物件\木箱\wj_物什箱014_hd.mesh","167299.25","7076.637695","158551.515625"
"4698","WJ_物什箱014.Mesh","npc.json","data\source\maps_source\小物件\木箱\wj_物什箱014_hd.mesh","167050.40625","7034.436523","158193.03125"
"1049","WJ_物什箱014.Mesh","npc.json","data\source\maps_source\小物件\木箱\wj_物什箱014_hd.mesh","25521.941406","339.518554","123358.289062"
"210","WJ_物什箱014_001.Mesh","npc.json","data\source\maps_source\小物件\木箱\wj_物什箱014_001_hd.mesh","33682.214843","1252.298828","39555.351562"
"238","WJ_物什箱014_001.Mesh","npc.json","data\source\maps_source\小物件\木箱\wj_物什箱014_001_hd.mesh","33308.351562","1013.386718","38875.203125"
"899","WJ_物什箱014_002.Mesh","npc.json","data\source\maps_source\小物件\木箱\wj_物什箱014_002_hd.mesh","17388.5625","1166.488769","122062.101562"
"184","WJ_物什箱014_002.Mesh","npc.json","data\source\maps_source\小物件\木箱\wj_物什箱014_002_hd.mesh","33526.960937","1013.386718","38479.050781"
"498","WJ_物什箱014_002.Mesh","npc.json","data\source\maps_source\小物件\木箱\wj_物什箱014_002_hd.mesh","34142.660156","1013.375","38437.941406"
"1467","WJ_物什箱014_002.Mesh","npc.json","data\source\maps_source\小物件\木箱\wj_物什箱014_002_hd.mesh","58220.378906","612.860351","61060.292968"
"2203","WJ_物什箱016.Mesh","npc.json","data\source\maps_source\小物件\木箱\wj_物什箱016_hd.mesh","104448.695312","1219.370483","47570.457031"
"1764","WJ_破木桶001_001.Mesh","npc.json","data\source\maps_source\小物件\木箱\wj_破木桶001_001_hd.mesh","63645.703125","211.785522","61642.445312"
"3741","WJ_破木桶001_002_HD","npc.json","data\source\maps_source\小物件\木箱\wj_破木桶001_002_hd.mesh","181604.796875","6889.507812","4954.363769"
"3518","WJ_破木桶001_002_HD","npc.json","data\source\maps_source\小物件\木箱\wj_破木桶001_002_hd.mesh","115575.6875","3678.044921","166076.28125"
"1613","WJ_破木桶001_004.Mesh","npc.json","data\source\maps_source\小物件\木箱\wj_破木桶001_004_hd.mesh","61680.292968","212.422363","63437.726562"
"3145","WJ_破木桶001_004_HD","npc.json","data\source\maps_source\小物件\木箱\wj_破木桶001_004_hd.mesh","116722.796875","3644.592773","171930.875"
"3460","WJ_破木桶001_004_HD","npc.json","data\source\maps_source\小物件\木箱\wj_破木桶001_004_hd.mesh","109717.234375","3297.960937","174029.4375"
"4118","WJ_破木桶001_004_HD","npc.json","data\source\maps_source\小物件\木箱\wj_破木桶001_004_hd.mesh","181720.703125","6902.260742","5164.02539"
"4051","WJ_破木桶001_004_HD","npc.json","data\source\maps_source\小物件\木箱\wj_破木桶001_004_hd.mesh","192423.0625","2248.748779","7411.822753"
"4635","WJ_破木桶001_004_HD","npc.json","data\source\maps_source\小物件\木箱\wj_破木桶001_004_hd.mesh","164778.921875","3926.841796","172400.171875"
"2614","WJ_破木桶001_005.Mesh","npc.json","data\source\maps_source\小物件\木箱\wj_破木桶001_005_hd.mesh","111101.445312","1403.109008","82557.6875"
"3250","WJ_破木箱003_001.Mesh","npc.json","data\source\maps_source\小物件\木箱\wj_破木箱003_001_hd.mesh","139986.5","4423.449218","164370.125"
"3427","WJ_破木箱003_001.Mesh","npc.json","data\source\maps_source\小物件\木箱\wj_破木箱003_001_hd.mesh","147997.421875","8364.354492","191021.25"
"3099","wj_破木箱003_001_HD","npc.json","data\source\maps_source\小物件\木箱\wj_破木箱003_001_hd.mesh","112377.960937","3580.171875","163954.296875"
"3433","wj_破木箱003_001_HD","npc.json","data\source\maps_source\小物件\木箱\wj_破木箱003_001_hd.mesh","112185.085937","3383.642578","165664.28125"
"4677","WJ_破木箱003_002.Mesh","npc.json","data\source\maps_source\小物件\木箱\wj_破木箱003_002_hd.mesh","170146.09375","4513.502929","166781.3125"
"4695","WJ_破木箱003_002.Mesh","npc.json","data\source\maps_source\小物件\木箱\wj_破木箱003_002_hd.mesh","158540.625","6664.717773","193685.296875"
"3366","wj_破木箱003_002_HD","npc.json","data\source\maps_source\小物件\木箱\wj_破木箱003_002_hd.mesh","113257.898437","4825.05371","161887.71875"
"3464","WJ_破木箱004_001_HD","npc.json","data\source\maps_source\小物件\木箱\wj_破木箱004_001_hd.mesh","121849.328125","4726.733398","164193.640625"
"4002","WJ_破木箱004_003_HD","npc.json","data\source\maps_source\小物件\木箱\wj_破木箱004_003_hd.mesh","180806.28125","7013.826171","4963.98291"
"2058","WJ_破木箱004_003_HD","npc.json","data\source\maps_source\小物件\木箱\wj_破木箱004_003_hd.mesh","112726.539062","769.458007","-3431.024169"
"3373","WJ_破木箱004_003_HD","npc.json","data\source\maps_source\小物件\木箱\wj_破木箱004_003_hd.mesh","117062.03125","3502.234375","171319.3125"
"4160","WJ_破罐001_001_HD","npc.json","data\source\maps_source\小物件\坛罐\wj_破罐001_001_hd.mesh","177314.796875","7257.661621","4072.511474"
"3632","WJ_破罐001_001_HD","npc.json","data\source\maps_source\小物件\坛罐\wj_破罐001_001_hd.mesh","120492.5625","3983.521484","167667.25"
"4112","WJ_破罐001_002_HD","npc.json","data\source\maps_source\小物件\坛罐\wj_破罐001_002_hd.mesh","191589.265625","2529.157226","5561.10498"
"4240","WJ_破罐001_002_HD","npc.json","data\source\maps_source\小物件\坛罐\wj_破罐001_002_hd.mesh","178368.484375","7493.821289","3672.682861"
"4156","WJ_破罐001_002_HD","npc.json","data\source\maps_source\小物件\坛罐\wj_破罐001_002_hd.mesh","196706.390625","2511.544921","3798.737548"
"3490","WJ_破罐001_002_HD","npc.json","data\source\maps_source\小物件\坛罐\wj_破罐001_002_hd.mesh","110501.625","3363.328125","164206.25"
"4100","WJ_破罐001_002_HD","npc.json","data\source\maps_source\小物件\坛罐\wj_破罐001_002_hd.mesh","201294.5","4086.270996","10051.93164"
"3330","WJ_破罐001_002_HD","npc.json","data\source\maps_source\小物件\坛罐\wj_破罐001_002_hd.mesh","117354.039062","3812.432617","172172.578125"
"3134","WJ_破罐001_002_HD","npc.json","data\source\maps_source\小物件\坛罐\wj_破罐001_002_hd.mesh","108271.265625","3240.794921","173891.453125"
"3327","WJ_破罐001_002_HD","npc.json","data\source\maps_source\小物件\坛罐\wj_破罐001_002_hd.mesh","111000.023437","3574.30664","166773.046875"
"3420","WJ_破罐001_002_HD","npc.json","data\source\maps_source\小物件\坛罐\wj_破罐001_002_hd.mesh","120129.46875","4137.077148","166666.421875"
"3408","WJ_破罐001_002_HD","npc.json","data\source\maps_source\小物件\坛罐\wj_破罐001_002_hd.mesh","116472.632812","3641.978515","175538.5625"
"3372","WJ_破罐001_002_HD","npc.json","data\source\maps_source\小物件\坛罐\wj_破罐001_002_hd.mesh","117098.414062","3745.188476","170354.984375"
"3323","WJ_破罐001_002_HD","npc.json","data\source\maps_source\小物件\坛罐\wj_破罐001_002_hd.mesh","108995.546875","3084.448242","170002.34375"
"3209","WJ_破罐001_002_HD","npc.json","data\source\maps_source\小物件\坛罐\wj_破罐001_002_hd.mesh","106902.851562","3077.916992","168566.875"
"3181","WJ_破罐001_002_HD","npc.json","data\source\maps_source\小物件\坛罐\wj_破罐001_002_hd.mesh","112792.867187","5031.99707","161255.5"
"3172","WJ_破罐001_002_HD","npc.json","data\source\maps_source\小物件\坛罐\wj_破罐001_002_hd.mesh","109949.9375","3317.46875","164324.0"
"3269","WJ_破罐001_002_HD","npc.json","data\source\maps_source\小物件\坛罐\wj_破罐001_002_hd.mesh","112693.851562","3309.070312","170230.09375"
"3220","WJ_破罐001_002_HD","npc.json","data\source\maps_source\小物件\坛罐\wj_破罐001_002_hd.mesh","112544.460937","3429.554687","165564.203125"
"3211","WJ_破罐001_002_HD","npc.json","data\source\maps_source\小物件\坛罐\wj_破罐001_002_hd.mesh","117749.289062","3781.605468","169846.1875"
"3426","WJ_破罐001_002_HD","npc.json","data\source\maps_source\小物件\坛罐\wj_破罐001_002_hd.mesh","116608.773437","3659.297851","175444.484375"
"4016","WJ_破罐001_002_HD","npc.json","data\source\maps_source\小物件\坛罐\wj_破罐001_002_hd.mesh","185373.0","6901.780273","5756.974609"
"3963","WJ_破罐001_002_HD","npc.json","data\source\maps_source\小物件\坛罐\wj_破罐001_002_hd.mesh","195437.953125","2219.140625","7009.564941"
"3914","WJ_破罐001_002_HD","npc.json","data\source\maps_source\小物件\坛罐\wj_破罐001_002_hd.mesh","195873.171875","2275.943115","6374.004394"
"4088","WJ_破罐001_002_HD","npc.json","data\source\maps_source\小物件\坛罐\wj_破罐001_002_hd.mesh","181782.8125","6883.649414","5714.817382"
"4079","WJ_破罐001_002_HD","npc.json","data\source\maps_source\小物件\坛罐\wj_破罐001_002_hd.mesh","200829.625","3839.15332","9420.751953"
"4058","WJ_破罐001_002_HD","npc.json","data\source\maps_source\小物件\坛罐\wj_破罐001_002_hd.mesh","194685.046875","2250.268554","6425.902832"
"3891","WJ_破罐001_002_HD","npc.json","data\source\maps_source\小物件\坛罐\wj_破罐001_002_hd.mesh","192762.25","2229.971191","7268.062011"
"3523","WJ_破罐001_002_HD","npc.json","data\source\maps_source\小物件\坛罐\wj_破罐001_002_hd.mesh","106141.664062","3024.827148","166612.375"
"3495","WJ_破罐001_002_HD","npc.json","data\source\maps_source\小物件\坛罐\wj_破罐001_002_hd.mesh","110129.507812","3217.601562","171718.453125"
"3432","WJ_破罐001_002_HD","npc.json","data\source\maps_source\小物件\坛罐\wj_破罐001_002_hd.mesh","114953.445312","3466.640625","175180.53125"
"3822","WJ_破罐001_002_HD","npc.json","data\source\maps_source\小物件\坛罐\wj_破罐001_002_hd.mesh","192460.03125","2771.283203","9197.15625"
"3164","WJ_破罐001_002_HD","npc.json","data\source\maps_source\小物件\坛罐\wj_破罐001_002_hd.mesh","107102.054687","3070.74414","167337.34375"
"3797","WJ_破罐001_002_HD","npc.json","data\source\maps_source\小物件\坛罐\wj_破罐001_002_hd.mesh","185418.34375","6885.349609","5866.765136"
"2061","WJ_破罐001_002_HD","npc.json","data\source\maps_source\小物件\坛罐\wj_破罐001_002_hd.mesh","113461.773437","771.884521","-2963.423095"
"4950","WJ_破罐001_002_HD","npc.json","data\source\maps_source\小物件\坛罐\wj_破罐001_002_hd.mesh","164423.3125","3965.143554","173005.25"
"2051","WJ_破罐001_002_HD","npc.json","data\source\maps_source\小物件\坛罐\wj_破罐001_002_hd.mesh","112557.601562","744.492553","-2645.694335"
"3128","WJ_破罐001_003_HD","npc.json","data\source\maps_source\小物件\坛罐\wj_破罐001_003_hd.mesh","109853.617187","3159.765625","170564.3125"
"3114","WJ_破罐001_003_HD","npc.json","data\source\maps_source\小物件\坛罐\wj_破罐001_003_hd.mesh","116839.882812","3722.433593","175436.265625"
"3728","WJ_破罐001_003_HD","npc.json","data\source\maps_source\小物件\坛罐\wj_破罐001_003_hd.mesh","190731.46875","3245.805419","4401.046386"
"3355","WJ_破罐001_003_HD","npc.json","data\source\maps_source\小物件\坛罐\wj_破罐001_003_hd.mesh","112166.609375","3589.117187","163973.859375"
"3565","WJ_破罐001_003_HD","npc.json","data\source\maps_source\小物件\坛罐\wj_破罐001_003_hd.mesh","119503.84375","4158.383789","174205.34375"
"3501","WJ_破罐001_003_HD","npc.json","data\source\maps_source\小物件\坛罐\wj_破罐001_003_hd.mesh","111695.15625","3488.564453","165964.125"
"3232","WJ_破罐001_003_HD","npc.json","data\source\maps_source\小物件\坛罐\wj_破罐001_003_hd.mesh","107354.054687","3235.569335","175148.421875"
"3253","WJ_破罐001_003_HD","npc.json","data\source\maps_source\小物件\坛罐\wj_破罐001_003_hd.mesh","119066.671875","3997.124023","169259.359375"
"3465","WJ_破罐001_003_HD","npc.json","data\source\maps_source\小物件\坛罐\wj_破罐001_003_hd.mesh","120087.65625","4049.09375","169609.4375"
"4209","WJ_破罐001_003_HD","npc.json","data\source\maps_source\小物件\坛罐\wj_破罐001_003_hd.mesh","200181.28125","6813.200195","12481.876953"
"3332","WJ_破罐001_003_HD","npc.json","data\source\maps_source\小物件\坛罐\wj_破罐001_003_hd.mesh","116366.992187","4182.43457","187177.921875"
"4276","WJ_破罐001_003_HD","npc.json","data\source\maps_source\小物件\坛罐\wj_破罐001_003_hd.mesh","178336.75","6204.026855","3848.150146"
"4041","WJ_破罐001_003_HD","npc.json","data\source\maps_source\小物件\坛罐\wj_破罐001_003_hd.mesh","178415.671875","6204.026855","2758.172119"
"2080","wj_通用坛罐001_001_HD","npc.json","data\source\maps_source\小物件\坛罐\wj_通用坛罐001_001_hd.mesh","110515.765625","754.951049","2269.478759"
"203","wj_通用坛罐001_001_HD","npc.json","data\source\maps_source\小物件\坛罐\wj_通用坛罐001_001_hd.mesh","36228.273437","939.990234","37471.257812"
"2064","wj_通用坛罐001_001_HD","npc.json","data\source\maps_source\小物件\坛罐\wj_通用坛罐001_001_hd.mesh","113180.15625","744.167541","2370.284423"
"1651","wj_通用坛罐001_001_HD","npc.json","data\source\maps_source\小物件\坛罐\wj_通用坛罐001_001_hd.mesh","71420.210937","1289.648437","60673.625"
"1560","wj_通用坛罐001_003_HD","npc.json","data\source\maps_source\小物件\坛罐\wj_通用坛罐001_003_hd.mesh","71493.648437","1291.903808","60924.828125"
"2074","wj_通用坛罐001_003_HD","npc.json","data\source\maps_source\小物件\坛罐\wj_通用坛罐001_003_hd.mesh","113182.140625","745.159729","2108.577392"
"619","wj_通用坛罐001_003_HD","npc.json","data\source\maps_source\小物件\坛罐\wj_通用坛罐001_003_hd.mesh","36230.261718","940.982421","37209.550781"
"349","wj_通用坛罐001_004_HD","npc.json","data\source\maps_source\小物件\坛罐\wj_通用坛罐001_004_hd.mesh","37894.269531","940.982421","37400.148437"
"15","wj_通用坛罐001_004_HD","npc.json","data\source\maps_source\小物件\坛罐\wj_通用坛罐001_004_hd.mesh","37619.535156","940.982421","37456.453125"
"141","wj_通用坛罐001_004_HD","npc.json","data\source\maps_source\小物件\坛罐\wj_通用坛罐001_004_hd.mesh","33884.835937","910.983398","37412.46875"
"132","wj_通用坛罐001_004_HD","npc.json","data\source\maps_source\小物件\坛罐\wj_通用坛罐001_004_hd.mesh","37758.550781","940.982421","37248.566406"
"1578","wj_通用坛罐001_004_HD","npc.json","data\source\maps_source\小物件\坛罐\wj_通用坛罐001_004_hd.mesh","70971.09375","1263.995117","61707.835937"
"611","wj_通用坛罐001_004_HD","npc.json","data\source\maps_source\小物件\坛罐\wj_通用坛罐001_004_hd.mesh","35289.285156","929.983398","37259.371093"
"449","wj_通用坛罐001_004_HD","npc.json","data\source\maps_source\小物件\坛罐\wj_通用坛罐001_004_hd.mesh","35206.964843","930.789062","37469.90625"
"1768","wj_通用坛罐001_004_HD","npc.json","data\source\maps_source\小物件\坛罐\wj_通用坛罐001_004_hd.mesh","70734.453125","1269.750976","62317.050781"
"1761","wj_通用坛罐001_004_HD","npc.json","data\source\maps_source\小物件\坛罐\wj_通用坛罐001_004_hd.mesh","71045.40625","1268.877929","62437.742187"
"1453","WJ_酒坛006_001.Mesh","npc.json","data\source\maps_source\小物件\坛罐\wj_酒坛006_001_hd.mesh","63128.914062","326.930664","61721.4375"
"1387","WJ_酒坛006_001.Mesh","npc.json","data\source\maps_source\小物件\坛罐\wj_酒坛006_001_hd.mesh","69746.25","1900.070312","35149.132812"
"1437","WJ_酒坛006_001.Mesh","npc.json","data\source\maps_source\小物件\坛罐\wj_酒坛006_001_hd.mesh","69815.328125","1895.67871","35204.25"
"387","WJ_酒坛006_001.Mesh","npc.json","data\source\maps_source\小物件\坛罐\wj_酒坛006_001_hd.mesh","32499.40625","1052.670898","43030.144531"
"177","WJ_酒坛006_001.Mesh","npc.json","data\source\maps_source\小物件\坛罐\wj_酒坛006_001_hd.mesh","33272.054687","1013.394531","38744.265625"
"1330","WJ_酒坛006_001.Mesh","npc.json","data\source\maps_source\小物件\坛罐\wj_酒坛006_001_hd.mesh","69774.578125","1953.269531","35180.527343"
"394","WJ_酒坛006_001.Mesh","npc.json","data\source\maps_source\小物件\坛罐\wj_酒坛006_001_hd.mesh","23841.667968","927.258789","36567.066406"
"630","WJ_酒坛006_001.Mesh","npc.json","data\source\maps_source\小物件\坛罐\wj_酒坛006_001_hd.mesh","32444.5","985.445312","43113.550781"
"469","WJ_酒坛006_001.Mesh","npc.json","data\source\maps_source\小物件\坛罐\wj_酒坛006_001_hd.mesh","32603.273437","985.445312","42934.753906"
"412","WJ_酒坛006_001.Mesh","npc.json","data\source\maps_source\小物件\坛罐\wj_酒坛006_001_hd.mesh","23853.898437","866.768554","36540.160156"
"4421","WJ_酒坛006_001.Mesh","npc.json","data\source\maps_source\小物件\坛罐\wj_酒坛006_001_hd.mesh","180586.375","4811.52539","94745.320312"
"535","WJ_酒坛006_001.Mesh","npc.json","data\source\maps_source\小物件\坛罐\wj_酒坛006_001_hd.mesh","31134.65625","939.457031","44663.253906"
"4436","WJ_酒坛006_001.Mesh","npc.json","data\source\maps_source\小物件\坛罐\wj_酒坛006_001_hd.mesh","180524.890625","4806.419921","94712.320312"
"500","WJ_酒坛006_001.Mesh","npc.json","data\source\maps_source\小物件\坛罐\wj_酒坛006_001_hd.mesh","23885.183593","872.585937","36577.179687"
"318","WJ_酒坛006_001.Mesh","npc.json","data\source\maps_source\小物件\坛罐\wj_酒坛006_001_hd.mesh","18488.859375","645.496093","13703.023437"
"1000","WJ_酒坛006_001.Mesh","npc.json","data\source\maps_source\小物件\坛罐\wj_酒坛006_001_hd.mesh","14560.914062","435.646484","121696.203125"
"725","WJ_酒坛006_001.Mesh","npc.json","data\source\maps_source\小物件\坛罐\wj_酒坛006_001_hd.mesh","30695.554687","1367.308593","44161.210937"
"377","WJ_酒坛006_001.Mesh","npc.json","data\source\maps_source\小物件\坛罐\wj_酒坛006_001_hd.mesh","30851.410156","951.496093","43240.347656"
"727","WJ_酒坛006_001.Mesh","npc.json","data\source\maps_source\小物件\坛罐\wj_酒坛006_001_hd.mesh","31350.449218","1033.867675","44619.953125"
"1477","WJ_酒坛006_001.Mesh","npc.json","data\source\maps_source\小物件\坛罐\wj_酒坛006_001_hd.mesh","63215.546875","487.482421","61715.683593"
"1646","WJ_酒坛006_001.Mesh","npc.json","data\source\maps_source\小物件\坛罐\wj_酒坛006_001_hd.mesh","61880.03125","222.114257","60977.300781"
"1663","WJ_酒坛006_001.Mesh","npc.json","data\source\maps_source\小物件\坛罐\wj_酒坛006_001_hd.mesh","63308.539062","487.482421","61705.796875"
"1827","WJ_酒坛006_001.Mesh","npc.json","data\source\maps_source\小物件\坛罐\wj_酒坛006_001_hd.mesh","63323.152343","277.836425","61404.207031"
"1645","WJ_酒坛006_001.Mesh","npc.json","data\source\maps_source\小物件\坛罐\wj_酒坛006_001_hd.mesh","72457.90625","1348.749023","57834.335937"
"45","WJ_酒坛006_001.Mesh","npc.json","data\source\maps_source\小物件\坛罐\wj_酒坛006_001_hd.mesh","32503.433593","992.799316","43031.457031"
"213","WJ_酒坛006_001.Mesh","npc.json","data\source\maps_source\小物件\坛罐\wj_酒坛006_001_hd.mesh","30691.375","1367.308593","43519.902343"
"1609","WJ_酒坛006_001.Mesh","npc.json","data\source\maps_source\小物件\坛罐\wj_酒坛006_001_hd.mesh","63327.304687","326.930664","61435.941406"
"1817","WJ_酒坛006_001.Mesh","npc.json","data\source\maps_source\小物件\坛罐\wj_酒坛006_001_hd.mesh","61265.917968","207.707031","60440.046875"
"1743","WJ_酒坛006_001.Mesh","npc.json","data\source\maps_source\小物件\坛罐\wj_酒坛006_001_hd.mesh","63317.515625","326.930664","61361.117187"
"1754","WJ_酒坛006_001.Mesh","npc.json","data\source\maps_source\小物件\坛罐\wj_酒坛006_001_hd.mesh","61296.585937","222.114257","61066.710937"
"1759","WJ_酒坛006_001.Mesh","npc.json","data\source\maps_source\小物件\坛罐\wj_酒坛006_001_hd.mesh","61235.320312","200.353027","60536.359375"
"1730","WJ_酒坛006_001.Mesh","npc.json","data\source\maps_source\小物件\坛罐\wj_酒坛006_001_hd.mesh","75700.820312","1388.183593","61204.171875"
"1714","WJ_酒坛006_001.Mesh","npc.json","data\source\maps_source\小物件\坛罐\wj_酒坛006_001_hd.mesh","63338.019531","277.836425","61517.859375"
"28","WJ_酒坛006_001.Mesh","npc.json","data\source\maps_source\小物件\坛罐\wj_酒坛006_001_hd.mesh","23799.0","866.768554","36622.265625"
"1776","WJ_酒坛006_001.Mesh","npc.json","data\source\maps_source\小物件\坛罐\wj_酒坛006_001_hd.mesh","75603.585937","1394.000976","61201.980468"
"1498","WJ_酒坛006_001.Mesh","npc.json","data\source\maps_source\小物件\坛罐\wj_酒坛006_001_hd.mesh","58665.421875","304.83493","61009.777343"
"1525","WJ_酒坛006_001.Mesh","npc.json","data\source\maps_source\小物件\坛罐\wj_酒坛006_001_hd.mesh","75636.789062","1448.673339","61231.867187"
"84","WJ_酒坛006_001.Mesh","npc.json","data\source\maps_source\小物件\坛罐\wj_酒坛006_001_hd.mesh","33268.292968","1013.394531","38618.5"
"1879","WJ_酒坛006_001.Mesh","npc.json","data\source\maps_source\小物件\坛罐\wj_酒坛006_001_hd.mesh","63353.929687","678.823242","61634.394531"
"1893","WJ_酒坛006_001.Mesh","npc.json","data\source\maps_source\小物件\坛罐\wj_酒坛006_001_hd.mesh","61389.984375","207.707031","59902.800781"
"1479","WJ_酒坛006_001.Mesh","npc.json","data\source\maps_source\小物件\坛罐\wj_酒坛006_001_hd.mesh","61983.835937","222.114257","60962.421875"
"1490","WJ_酒坛006_001.Mesh","npc.json","data\source\maps_source\小物件\坛罐\wj_酒坛006_001_hd.mesh","63337.546875","372.253417","61514.246093"
"1868","WJ_酒坛006_001.Mesh","npc.json","data\source\maps_source\小物件\坛罐\wj_酒坛006_001_hd.mesh","63308.746093","678.823242","61717.195312"
"1564","WJ_酒坛006_001.Mesh","npc.json","data\source\maps_source\小物件\坛罐\wj_酒坛006_001_hd.mesh","61167.703125","222.114257","61458.605468"
"1552","WJ_酒坛006_001.Mesh","npc.json","data\source\maps_source\小物件\坛罐\wj_酒坛006_001_hd.mesh","75613.078125","1388.183593","61249.507812"
"1865","WJ_酒坛006_001.Mesh","npc.json","data\source\maps_source\小物件\坛罐\wj_酒坛006_001_hd.mesh","61261.6875","267.578125","60440.046875"
"1526","WJ_酒坛006_001.Mesh","npc.json","data\source\maps_source\小物件\坛罐\wj_酒坛006_001_hd.mesh","72458.867187","1353.854492","57733.488281"
"325","WJ_酒坛007_001.Mesh","npc.json","data\source\maps_source\小物件\坛罐\wj_酒坛007_001_hd.mesh","31015.226562","939.472656","44392.296875"
"306","WJ_酒坛007_001.Mesh","npc.json","data\source\maps_source\小物件\坛罐\wj_酒坛007_001_hd.mesh","31914.171875","939.472656","42871.378906"
"124","WJ_酒坛007_001.Mesh","npc.json","data\source\maps_source\小物件\坛罐\wj_酒坛007_001_hd.mesh","31256.535156","1035.167968","44633.246093"
"1696","WJ_酒坛007_001.Mesh","npc.json","data\source\maps_source\小物件\坛罐\wj_酒坛007_001_hd.mesh","61613.164062","222.124023","61949.886718"
"1539","WJ_酒坛007_001.Mesh","npc.json","data\source\maps_source\小物件\坛罐\wj_酒坛007_001_hd.mesh","62515.808593","222.124023","61516.0625"
"644","wj_陶罐008_HD","npc.json","data\source\maps_source\小物件\坛罐\wj_陶罐008_hd.mesh","34387.371093","915.603515","33945.160156"
"2077","wj_陶罐008_HD","npc.json","data\source\maps_source\小物件\坛罐\wj_陶罐008_hd.mesh","113424.5625","745.159729","2142.425048"
"304","wj_陶罐008_HD","npc.json","data\source\maps_source\小物件\坛罐\wj_陶罐008_hd.mesh","36472.679687","940.982421","37243.398437"
"1590","wj_陶罐008_HD","npc.json","data\source\maps_source\小物件\坛罐\wj_陶罐008_hd.mesh","71251.75","1275.070312","60962.195312"
"1475","wj_陶罐008_HD","npc.json","data\source\maps_source\小物件\坛罐\wj_陶罐008_hd.mesh","72332.0","1361.416503","56389.804687"
"4089","WJ_龙门木箱001.Mesh","npc.json","data\source\maps_source\小物件\木箱\wj_龙门木箱001_hd.mesh","172192.359375","6964.983398","35951.972656"
"268","WJ_龙门木箱001.Mesh","npc.json","data\source\maps_source\小物件\木箱\wj_龙门木箱001_hd.mesh","34069.429687","696.735351","18607.976562"
"279","WJ_龙门木箱001.Mesh","npc.json","data\source\maps_source\小物件\木箱\wj_龙门木箱001_hd.mesh","35616.730468","924.703125","39406.628906"
"4066","WJ_龙门木箱001.Mesh","npc.json","data\source\maps_source\小物件\木箱\wj_龙门木箱001_hd.mesh","179320.953125","7948.909179","39368.90625"
"235","WJ_龙门木箱001.Mesh","npc.json","data\source\maps_source\小物件\木箱\wj_龙门木箱001_hd.mesh","26449.796875","820.342773","38044.867187"
"328","WJ_龙门木箱001.Mesh","npc.json","data\source\maps_source\小物件\木箱\wj_龙门木箱001_hd.mesh","35883.683593","924.703125","39360.21875"
"2105","WJ_龙门木箱001.Mesh","npc.json","data\source\maps_source\小物件\木箱\wj_龙门木箱001_hd.mesh","151373.59375","1893.556884","38165.640625"
"9","WJ_龙门木箱001.Mesh","npc.json","data\source\maps_source\小物件\木箱\wj_龙门木箱001_hd.mesh","38116.5","792.69873","18360.109375"
"1126","WJ_龙门木箱001.Mesh","npc.json","data\source\maps_source\小物件\木箱\wj_龙门木箱001_hd.mesh","21695.054687","3598.625","171457.625"
"1286","WJ_龙门木箱001.Mesh","npc.json","data\source\maps_source\小物件\木箱\wj_龙门木箱001_hd.mesh","21748.171875","3606.492187","171618.65625"
"3775","WJ_龙门木箱001.Mesh","npc.json","data\source\maps_source\小物件\木箱\wj_龙门木箱001_hd.mesh","197405.375","15334.108398","30960.384765"
"3996","WJ_龙门木箱001.Mesh","npc.json","data\source\maps_source\小物件\木箱\wj_龙门木箱001_hd.mesh","160572.171875","4263.97998","46314.324218"
"202","WJ_龙门木箱001.Mesh","npc.json","data\source\maps_source\小物件\木箱\wj_龙门木箱001_hd.mesh","19630.386718","612.788085","11760.484375"
"3884","WJ_龙门木箱001.Mesh","npc.json","data\source\maps_source\小物件\木箱\wj_龙门木箱001_hd.mesh","161342.734375","4618.495117","44885.363281"
"398","WJ_龙门木箱001.Mesh","npc.json","data\source\maps_source\小物件\木箱\wj_龙门木箱001_hd.mesh","28290.75","734.214355","18767.429687"
"701","XWJ_ca柜子001_003.Mesh","npc.json","data\source\maps_source\小物件\室内\xwj_ca柜子001_003_hd.mesh","17988.46875","645.101562","14557.992187"
"166","XWJ_ca柜子001_003.Mesh","npc.json","data\source\maps_source\小物件\室内\xwj_ca柜子001_003_hd.mesh","17645.421875","645.101562","14306.640625"
"1812","XWJ_ca柜子001_003.Mesh","npc.json","data\source\maps_source\小物件\室内\xwj_ca柜子001_003_hd.mesh","58184.863281","227.90332","60862.894531"
"252","XWJ_ca柜子003_002.Mesh","npc.json","data\source\maps_source\小物件\室内\xwj_ca柜子003_002_hd.mesh","18427.28125","650.644042","13682.34375"
"693","XWJ_ca柜子003_002.Mesh","npc.json","data\source\maps_source\小物件\室内\xwj_ca柜子003_002_hd.mesh","31347.355468","939.480468","44383.867187"
"1452","XWJ_ca柜子003_002.Mesh","npc.json","data\source\maps_source\小物件\室内\xwj_ca柜子003_002_hd.mesh","58595.761718","209.310058","60825.886718"
"137","XWJ_ca柜子003_003.Mesh","npc.json","data\source\maps_source\小物件\室内\xwj_ca柜子003_003_hd.mesh","18758.390625","644.021484","12210.390625"
"112","XWJ_ca柜子003_003.Mesh","npc.json","data\source\maps_source\小物件\室内\xwj_ca柜子003_003_hd.mesh","18468.195312","644.021484","14545.3125"
"4845","XWJ_ca柜子003_003.Mesh","npc.json","data\source\maps_source\小物件\室内\xwj_ca柜子003_003_hd.mesh","166789.4375","7076.637695","158599.59375"
"6","XWJ_ca柜子003_003.Mesh","npc.json","data\source\maps_source\小物件\室内\xwj_ca柜子003_003_hd.mesh","18653.085937","644.021484","11962.4375"
"943","XWJ_ca柜子003_004.Mesh","npc.json","data\source\maps_source\小物件\室内\xwj_ca柜子003_004_hd.mesh","25138.3125","237.564453","122603.609375"
"2325","XWJ_坛子002_001.Mesh","npc.json","data\source\maps_source\小物件\坛罐\xwj_坛子002_001_hd.mesh","104541.757812","1193.802612","47808.503906"
"199","XWJ_坛子002_001.Mesh","npc.json","data\source\maps_source\小物件\坛罐\xwj_坛子002_001_hd.mesh","30988.578125","940.449218","43176.027343"
"893","XWJ_坛子002_002.Mesh","npc.json","data\source\maps_source\小物件\坛罐\xwj_坛子002_002_hd.mesh","14743.4375","427.438476","121732.085937"
"102","XWJ_坛子002_002.Mesh","npc.json","data\source\maps_source\小物件\坛罐\xwj_坛子002_002_hd.mesh","35894.480468","924.072753","38797.773437"
"116","XWJ_坛子002_002.Mesh","npc.json","data\source\maps_source\小物件\坛罐\xwj_坛子002_002_hd.mesh","31862.585937","939.457031","41770.695312"
"1459","XWJ_坛子003.Mesh","npc.json","data\source\maps_source\小物件\坛罐\xwj_坛子003_hd.mesh","69565.945312","979.021972","56078.0625"
"1084","XWJ_坛子003.Mesh","npc.json","data\source\maps_source\小物件\坛罐\xwj_坛子003_hd.mesh","14634.890625","518.158691","121351.773437"
"396","XWJ_坛子003.Mesh","npc.json","data\source\maps_source\小物件\坛罐\xwj_坛子003_hd.mesh","31304.394531","1035.167968","44141.058593"
"87","XWJ_坛子003.Mesh","npc.json","data\source\maps_source\小物件\坛罐\xwj_坛子003_hd.mesh","34370.925781","683.719543","23708.714843"
"545","XWJ_坛子003.Mesh","npc.json","data\source\maps_source\小物件\坛罐\xwj_坛子003_hd.mesh","37347.085937","795.524414","18382.21875"
"3334","XWJ_破坛子001_001_HD","npc.json","data\source\maps_source\小物件\坛罐\xwj_破坛子001_001_hd.mesh","109610.023437","3332.455078","174299.625"
"1724","XWJ_破坛子001_001_HD","npc.json","data\source\maps_source\小物件\坛罐\xwj_破坛子001_001_hd.mesh","69077.460937","1093.148925","64346.019531"
"4264","XWJ_破坛子001_001_HD","npc.json","data\source\maps_source\小物件\坛罐\xwj_破坛子001_001_hd.mesh","190227.40625","3405.156005","5793.787109"
"1786","XWJ_破坛子001_001_HD","npc.json","data\source\maps_source\小物件\坛罐\xwj_破坛子001_001_hd.mesh","72519.1875","1376.3125","56318.789062"
"1576","XWJ_破坛子001_001_HD","npc.json","data\source\maps_source\小物件\坛罐\xwj_破坛子001_001_hd.mesh","71846.835937","1325.186035","60808.964843"
"1555","XWJ_破坛子001_001_HD","npc.json","data\source\maps_source\小物件\坛罐\xwj_破坛子001_001_hd.mesh","70615.140625","1258.46582","62635.441406"
"194","XWJ_破坛子001_001_HD","npc.json","data\source\maps_source\小物件\坛罐\xwj_破坛子001_001_hd.mesh","35459.492187","937.164062","37546.484375"
"3883","XWJ_破坛子001_001_HD","npc.json","data\source\maps_source\小物件\坛罐\xwj_破坛子001_001_hd.mesh","179166.359375","7429.49121","6805.839843"
"264","XWJ_破坛子001_001_HD","npc.json","data\source\maps_source\小物件\坛罐\xwj_破坛子001_001_hd.mesh","34174.949218","915.768554","37603.546875"
"3627","XWJ_破坛子001_001_HD","npc.json","data\source\maps_source\小物件\坛罐\xwj_破坛子001_001_hd.mesh","115571.90625","3538.633789","174329.53125"
"90","XWJ_破坛子001_001_HD","npc.json","data\source\maps_source\小物件\坛罐\xwj_破坛子001_001_hd.mesh","34408.726562","915.246582","34144.21875"
"1339","XWJ_破坛子001_001_HD","npc.json","data\source\maps_source\小物件\坛罐\xwj_破坛子001_001_hd.mesh","76353.023437","1363.940429","49911.105468"
"1042","XWJ_破坛子001_002.Mesh","npc.json","data\source\maps_source\小物件\坛罐\xwj_破坛子001_002_hd.mesh","49965.738281","1286.239257","138199.5625"
