"Index","Nickname","TemplateID","Position"
"0","level1_1","58817","195662.859375,2272.666992,6694.051270"
"1","level1_2","58817","196353.671875,2557.061768,5403.927734"
"2","level1_3","58817","197090.515625,2472.474609,4910.179199"
"3","level1_4","58817","196972.765625,2498.940918,8697.076172"
"4","level1_5","58817","194771.781250,2338.083008,6105.521484"
"5","level1_6","58817","194471.640625,2299.095215,6037.747070"
"6","level1_7","58817","192413.437500,2666.487061,8817.095703"
"7","level1_8","58817","191729.796875,2362.533691,7951.979004"
"8","level1_9","58817","193556.859375,2280.117676,7452.609375"
"9","level1_10","58817","198518.187500,2597.131348,5143.825684"
"10","level1_11","58817","197568.750000,2544.665527,4029.473145"
"11","level3_1","58819","196971.421875,2441.482422,8347.387695"
"12","level3_2","58819","192677.703125,2283.149658,7732.042480"
"13","level2_1","58818","196630.437500,2826.690674,9810.101563"
"14","level2_2","58818","196801.000000,2299.519287,6498.685547"
"15","level2_3","58818","191772.453125,2315.223633,7485.507324"
"16","level2_4","58818","199735.078125,4267.588867,9148.115234"
"17","level1_12","58817","184436.500000,7064.234375,1801.217285"
"18","level1_13","58817","178663.625000,7437.113281,3133.393799"
"19","level1_14","58817","178495.531250,6213.448242,3228.056396"
"20","level2_5","58818","181142.859375,5893.583008,3048.548584"
"21","level2_6","58818","183340.421875,5567.857422,4104.558594"
"22","level3_3","58819","183233.187500,5567.857422,3799.137939"
"23","level1_15","58817","185116.015625,5567.857422,2126.734131"
"24","level1_16","58817","182821.906250,5567.857422,1989.397949"
"25","level4_1","58820","184883.281250,5570.261230,4024.689941"
"26","level3_4","58819","176044.312500,7279.604980,7347.593750"
"27","level1_17","58817","180659.765625,7017.004395,4677.540039"
"28","level1_18","58817","165909.703125,4285.467773,6871.343750"
"29","level2_7","58818","165623.437500,4285.467773,6520.733398"
"30","level4_2","58820","164993.406250,4286.468750,5623.055176"
"31","level1_19","58817","164805.218750,4287.683105,5026.698242"
"32","level1_20","58817","161283.609375,548.583984,12653.017578"
"33","level1_21","58817","158486.546875,3262.468018,6695.334473"
"34","level1_22","58817","157558.656250,3262.468018,6528.462402"
"35","level1_23","58817","155694.609375,4008.467041,3442.652100"
"36","level1_24","58817","155999.281250,4009.468018,3474.946533"
"37","level2_8","58818","155948.625000,4008.467041,4008.177979"
"38","level1_25","58817","167908.703125,1743.429565,14212.319336"
"39","level1_26","58817","151477.765625,976.473999,9974.076172"
"40","level3_5","58819","150984.781250,1003.729248,10096.316406"
"41","level4_3","58820","151153.921875,1876.490723,9403.851563"
"42","level1_27","58817","150565.765625,1071.459961,10086.971680"
"43","level1_28","58817","160199.328125,3080.548096,14916.563477"
"44","level1_29","58817","160570.171875,3028.637695,14684.266602"
"45","level1_30","58817","156135.156250,4847.227539,15366.032227"
"46","level1_31","58817","157130.453125,3266.906738,14583.909180"
"47","level2_9","58818","157304.078125,3259.164551,14384.158203"
"48","level3_6","58819","156769.390625,3270.125488,14294.839844"
"49","level1_32","58817","184829.250000,3763.060303,11302.250000"
"50","level1_33","58817","171950.171875,2194.699219,12864.932617"
"51","level1_34","58817","140847.406250,1608.847046,11565.114258"
"52","level1_35","58817","141911.000000,2441.319580,11001.216797"
"53","level2_10","58818","141471.812500,2445.835449,10983.891602"
"54","level1_36","58817","141093.890625,2448.334229,10884.493164"
"55","level2_11","58818","155059.734375,959.976196,9344.609375"
"56","level1_37","58817","154758.687500,958.273315,8919.609375"
"57","level1_38","58817","132086.578125,7905.919434,10267.581055"
"58","level1_39","58817","135031.718750,4262.787598,8513.116211"
"59","level1_40","58817","135296.031250,4251.995605,9001.223633"
"60","level1_41","58817","135346.171875,3766.795410,9406.854492"
"61","level2_12","58818","136144.468750,2843.563965,9450.099609"
"62","level2_13","58818","133696.875000,2039.929199,10789.636719"
"63","level3_7","58819","134101.625000,2035.696411,11408.686523"
"64","level2_14","58818","125445.328125,4835.939941,19076.039063"
"65","level3_8","58819","125000.828125,4051.500000,18556.384766"
"66","level1_42","58817","125611.132813,4835.939941,18673.138672"
"67","level1_43","58817","124886.890625,4046.502686,19143.744141"
"68","level1_44","58817","122023.984375,1706.661987,20487.447266"
"69","level1_45","58817","122133.179688,1782.684326,19645.351563"
"70","level1_46","58817","121890.164063,1830.062866,18441.669922"
"71","level2_15","58818","121979.031250,2356.334961,18424.919922"
"72","level1_47","58817","113871.484375,1244.604492,13848.080078"
"73","level1_48","58817","134461.718750,2960.482910,15607.256836"
"74","level1_49","58817","134743.500000,2960.015869,15295.480469"
"75","level1_50","58817","134971.125000,2961.785889,14912.250977"
"76","level2_16","58818","134249.437500,2958.065918,15001.377930"
"77","level2_17","58818","136817.171875,1959.100342,14168.994141"
"78","level4_4","58820","132705.890625,6613.279785,20420.615234"
"79","level3_9","58819","132738.140625,6621.943848,20036.275391"
"80","level1_51","58817","132084.265625,5889.362793,20149.312500"
"81","level1_52","58817","127515.695313,2380.317383,13561.186523"
"82","level1_53","58817","132766.828125,5397.211426,18564.423828"
"83","level3_10","58819","142570.843750,1821.884155,14739.973633"
"84","level1_54","58817","144069.390625,2242.196777,19588.257813"
"85","level2_18","58818","144086.468750,2250.271484,19740.335938"
"86","level3_11","58819","144200.593750,2766.943359,19703.177734"
"87","level1_55","58817","110088.070313,834.793091,11572.758789"
"88","level1_56","58817","109721.312500,770.123291,7425.588379"
"89","level1_57","58817","107093.117188,1523.428345,11647.226563"
"90","level1_58","58817","104098.890625,1706.329346,18697.845703"
"91","level1_59","58817","104984.101563,1315.444946,34766.660156"
"92","level3_12","58819","106190.210938,2079.358398,13058.916992"
"93","level1_60","58817","135476.656250,306.887817,36413.542969"
"94","level2_19","58818","135108.843750,300.906372,35697.328125"
"95","level4_5","58820","139029.390625,900.064087,26665.201172"
"96","level4_6","58820","140195.578125,900.064087,27630.898438"
"97","level3_13","58819","137750.171875,490.008545,33060.710938"
"98","level1_61","58817","138910.281250,205.569458,32389.212891"
"99","level1_62","58817","138080.718750,221.606445,31681.226563"
"100","level1_63","58817","138165.156250,220.199585,29637.544922"
"101","level1_64","58817","141419.500000,1203.060181,26603.080078"
"102","level1_65","58817","150410.234375,2011.065674,40953.390625"
"103","level1_66","58817","147986.328125,425.570679,57056.929688"
"104","level1_67","58817","149565.656250,2007.720947,41564.074219"
"105","level1_68","58817","143565.484375,-437.997437,49936.546875"
"106","level1_69","58817","152738.921875,2011.065674,42966.242188"
"107","level2_20","58818","153007.875000,2937.985352,43793.894531"
"108","level3_14","58819","153293.281250,2937.985352,43280.476563"
"109","level3_15","58819","151627.531250,2194.796875,39479.089844"
"110","level2_21","58818","154057.234375,2879.735596,41764.363281"
"111","level3_16","58819","154126.421875,2880.323730,41813.382813"
"112","level1_70","58817","160799.000000,116.836548,53029.699219"
"113","level1_71","58817","156091.109375,4263.378906,46546.871094"
"114","level1_72","58817","155692.828125,5232.161133,45919.593750"
"115","level2_22","58818","155606.953125,5232.478027,46216.351563"
"116","level1_73","58817","160312.828125,4741.467285,44538.914063"
"117","level1_74","58817","159626.359375,4741.467285,44252.714844"
"118","level1_75","58817","160520.296875,5677.580566,43916.089844"
"119","level2_23","58818","160083.718750,5677.580566,43869.359375"
"120","level3_17","58819","161776.031250,4757.725586,44537.808594"
"121","level1_76","58817","159251.281250,7189.244629,38380.070313"
"122","level1_77","58817","163591.156250,8803.628906,35282.445313"
"123","level3_18","58819","163198.109375,8891.981445,35270.972656"
"124","level4_7","58820","162944.640625,9620.404297,40364.531250"
"125","level1_78","58817","154458.312500,7885.380371,34772.968750"
"126","level2_24","58818","157812.312500,9214.683594,35129.058594"
"127","level3_19","58819","172975.468750,7091.595703,38783.878906"
"128","level1_79","58817","171540.468750,8117.461426,36905.695313"
"129","level1_80","58817","172982.718750,7061.295898,39616.335938"
"130","level1_81","58817","171322.843750,7829.135742,35041.882813"
"131","level1_82","58817","167382.562500,5298.936523,37061.410156"
"132","level2_25","58818","179701.812500,7891.467285,38537.394531"
"133","level1_83","58817","179969.468750,7890.467773,37655.523438"
"134","level1_84","58817","180606.906250,8791.515625,36563.867188"
"135","level1_85","58817","180507.296875,8923.600586,38041.054688"
"136","level3_20","58819","180874.250000,8791.515625,36597.769531"
"137","level2_26","58818","179155.218750,9494.778320,42051.789063"
"138","level4_8","58820","178040.765625,9437.023438,41839.691406"
"139","level3_21","58819","177988.687500,9491.226563,41773.261719"
"140","level1_86","58817","183259.125000,11826.865234,39860.695313"
"141","level1_87","58817","182765.687500,11325.355469,35681.214844"
"142","level1_88","58817","182989.484375,11325.157227,35520.093750"
"143","level1_89","58817","179755.406250,9854.608398,32109.976563"
"144","level1_90","58817","183431.234375,10403.468750,35467.628906"
"145","level2_27","58818","183391.312500,10403.468750,35979.375000"
"146","level2_28","58818","185414.703125,10403.468750,39237.605469"
"147","level1_91","58817","186985.687500,10405.324219,37178.562500"
"148","level1_92","58817","185791.765625,11906.063477,40612.378906"
"149","level2_29","58818","185734.515625,11797.024414,40116.484375"
"150","level1_93","58817","181789.375000,12203.536133,39004.136719"
"151","level1_94","58817","188305.937500,10403.468750,33424.437500"
"152","level1_95","58817","187117.875000,10403.468750,34746.152344"
"153","level1_96","58817","183733.406250,13157.467773,26880.951172"
"154","level1_97","58817","182505.468750,13159.719727,25964.144531"
"155","level2_30","58818","183632.281250,13923.994141,26672.341797"
"156","level4_9","58820","182942.171875,13923.997070,26013.662109"
"157","level3_22","58819","184817.890625,10403.468750,39630.664063"
"158","level4_10","58820","194652.703125,15322.375000,31532.199219"
"159","level4_11","58820","195740.093750,16288.748047,31322.445313"
"160","level3_23","58819","196051.953125,15345.466797,30505.435547"
"161","level1_98","58817","195334.875000,15347.061523,30559.460938"
"162","level1_99","58817","196074.328125,16288.748047,31054.363281"
"163","level1_100","58817","194557.265625,15346.519531,31194.796875"
"164","level1_101","58817","199868.062500,16313.740234,28331.304688"
"165","level2_31","58818","199825.953125,16313.425781,28634.460938"
"166","level4_12","58820","199009.734375,15345.467773,28909.330078"
"167","level1_102","58817","202520.296875,15036.851563,23606.386719"
"168","level1_103","58817","195349.781250,15281.458984,26153.601563"
"169","level1_104","58817","195093.921875,15282.869141,25570.740234"
"170","level2_32","58818","195048.406250,15279.644531,25937.992188"
"171","level1_105","58817","193993.421875,15914.734375,30497.185547"
"172","level2_33","58818","194265.359375,16091.097656,32177.822266"
"173","level1_106","58817","197269.000000,16439.683594,33827.882813"
"174","level1_107","58817","198698.125000,16881.996094,34390.785156"
"175","level3_24","58819","201326.484375,16809.054688,34093.550781"
"176","level1_108","58817","202608.265625,16565.849609,30564.050781"
"177","level1_109","58817","202220.484375,16530.027344,28255.892578"
"178","level1_110","58817","197891.750000,16253.328125,24245.568359"
"179","level2_34","58818","196829.250000,16234.791992,24332.650391"
"180","level2_35","58818","196087.718750,16143.999023,24428.386719"
"181","level1_111","58817","200022.984375,6742.790039,12500.474609"
"182","level1_112","58817","197191.765625,15299.467773,26275.212891"
"183","level1_113","58817","199122.218750,15342.468750,28345.968750"
"184","level1_114","58817","199978.500000,15349.493164,27454.712891"
"185","level4_13","58820","183698.359375,14780.226563,21283.695313"
"186","level3_25","58819","185664.234375,14765.473633,21947.216797"
"187","level3_26","58819","184642.546875,14763.102539,18913.091797"
"188","level4_14","58820","186033.734375,14794.563477,20436.126953"
"189","level1_115","58817","180140.984375,11424.381836,28368.642578"
"190","level1_116","58817","167061.671875,11463.789063,30967.111328"
"191","level1_117","58817","163801.562500,10950.687500,23820.339844"
"192","level3_27","58819","164412.937500,10947.850586,24073.132813"
"193","level4_15","58820","161980.296875,10731.905273,23691.675781"
"194","level2_36","58818","155901.546875,9641.170898,22613.361328"
"195","level3_28","58819","161912.937500,9461.635742,20138.707031"
"196","level2_37","58818","161960.093750,10093.600586,20036.849609"
"197","level2_38","58818","162181.250000,10084.785156,20677.345703"
"198","level1_118","58817","162130.156250,9452.405273,20679.607422"
"199","level1_119","58817","143963.812500,4453.508789,9381.152344"
"200","level1_120","58817","166121.562500,8291.905273,22451.177734"
"201","level2_39","58818","166283.046875,7665.577637,21313.541016"
"202","level3_29","58819","166406.921875,6516.467285,21457.267578"
"203","level4_16","58820","165787.031250,8270.500000,22160.894531"
"204","level1_121","58817","168084.453125,7842.899902,23710.425781"
"205","level2_40","58818","168749.515625,7831.467285,23930.990234"
"206","level1_122","58817","166778.000000,6516.247559,22100.421875"
"207","level1_123","58817","167069.562500,6516.467285,21253.619141"
"208","level4_17","58820","152709.109375,6410.589844,20778.291016"
"209","level1_124","58817","152983.406250,6391.597168,18875.218750"
"210","level1_125","58817","153854.781250,6376.467773,17545.949219"
"211","level3_30","58819","152522.703125,6925.416016,20982.859375"
"212","level4_18","58820","151425.671875,7899.027832,22412.228516"
"213","level3_31","58819","151016.578125,6415.063477,20992.968750"
"214","level1_126","58817","152160.265625,7858.464844,21733.871094"
"215","level1_127","58817","152410.796875,6456.517578,16995.433594"
"216","level1_128","58817","150050.968750,6528.028809,19591.863281"
"217","level1_129","58817","150650.015625,6229.530273,15689.860352"
"218","level2_41","58818","149946.984375,6154.733398,15478.165039"
"219","level2_42","58818","150447.609375,6415.801758,21873.830078"
"220","level2_43","58818","150814.421875,7122.912598,15070.603516"
"221","level2_44","58818","138144.890625,234.167480,30676.097656"
"222","level2_45","58818","139977.703125,900.064087,26810.775391"
"223","level2_46","58818","139672.828125,900.064087,26522.359375"
"224","level3_32","58819","146927.734375,7775.350098,27319.986328"
"225","level1_130","58817","150586.687500,6527.777344,26068.121094"
"226","level3_33","58819","151396.953125,6215.053711,28263.464844"
"227","level4_19","58820","152581.640625,5897.470215,31446.027344"
"228","level1_131","58817","151361.484375,5888.287109,31580.517578"
"229","level2_47","58818","153732.750000,5888.287109,31754.806641"
"230","level1_132","58817","150665.625000,7695.700195,25845.232422"
"231","level1_133","58817","150400.531250,7418.554688,30292.232422"
"232","level2_48","58818","153163.265625,620.498657,51148.703125"
"233","level3_34","58819","168360.078125,2033.410645,45530.699219"
"234","level2_49","58818","168898.640625,5339.671387,36567.277344"
"235","level2_50","58818","169266.000000,4164.256348,43087.140625"
"236","level4_20","58820","191423.296875,-356.918335,59843.890625"
"237","level2_51","58818","191404.093750,-319.879150,59570.636719"
"238","level1_134","58817","186193.046875,-300.128174,59845.007813"
"239","level2_52","58818","186096.093750,-296.411133,59523.132813"
"240","level1_135","58817","174566.437500,-404.885864,49440.738281"
"241","level1_136","58817","174708.640625,-401.052856,49524.949219"
"242","level2_53","58818","140403.156250,-230.484009,50671.253906"
"243","level2_54","58818","140333.328125,-251.336670,51232.609375"
"244","level1_137","58817","140437.437500,-263.076782,50960.371094"
"245","level4_21","58820","156878.234375,4266.467285,46279.484375"
"246","level2_55","58818","182628.656250,6430.175781,93071.609375"
"247","level3_35","58819","182688.703125,6384.862305,95162.250000"
"248","level1_138","58817","185344.609375,6384.862305,95185.523438"
"249","level1_139","58817","170878.640625,10239.458984,144311.156250"
"250","level1_140","58817","184629.375000,6703.237305,94239.914063"
"251","level4_22","58820","183500.640625,6703.237305,93192.093750"
"252","level1_141","58817","178156.781250,4908.488281,94513.609375"
"253","level2_56","58818","177752.625000,4897.456543,94589.804688"
"254","level4_23","58820","177799.953125,4221.793945,100178.421875"
"255","level3_36","58819","177417.500000,4291.061523,99247.921875"
"256","level1_142","58817","178337.343750,4365.936523,98704.320313"
"257","level1_143","58817","177642.937500,4327.372559,98069.210938"
"258","level2_57","58818","165800.984375,7277.128418,56462.421875"
"259","level2_58","58818","164588.765625,7277.220215,60181.968750"
"260","level1_144","58817","165257.109375,7183.282227,57453.460938"
"261","level1_145","58817","164620.171875,7183.282227,58980.457031"
"262","level1_146","58817","112297.687500,1164.251709,65309.382813"
"263","level1_147","58817","181366.875000,7537.112305,65582.046875"
"264","level1_148","58817","182183.187500,7445.645020,65527.101563"
"265","level2_59","58818","181726.343750,7462.982422,65317.152344"
"266","level1_149","58817","172623.500000,10515.517578,72807.414063"
"267","level1_150","58817","181586.687500,12150.076172,78320.093750"
"268","level1_151","58817","182392.796875,12173.817383,77760.851563"
"269","level2_60","58818","181775.234375,12167.474609,78014.000000"
"270","level3_37","58819","182536.531250,12166.068359,77441.570313"
"271","level4_24","58820","185272.468750,14488.618164,81480.203125"
"272","level1_152","58817","185067.640625,14518.383789,80570.070313"
"273","level3_38","58819","186678.781250,14914.990234,77773.312500"
"274","level2_61","58818","187700.765625,15193.685547,76599.757813"
"275","level1_153","58817","181248.500000,11061.063477,69733.960938"
"276","level1_154","58817","189925.734375,14421.630859,75461.164063"
"277","level1_155","58817","189975.375000,14424.872070,75097.242188"
"278","level2_62","58818","190528.125000,14424.810547,75323.593750"
"279","level3_39","58819","193509.843750,14452.661133,73725.718750"
"280","level1_156","58817","168267.437500,8150.473145,133060.171875"
"281","level1_157","58817","170763.937500,8516.498047,138780.031250"
"282","level1_158","58817","190779.406250,12561.683594,91767.000000"
"283","level4_25","58820","192915.375000,12549.496094,91770.007813"
"284","level3_40","58819","193758.984375,12605.282227,90402.234375"
"285","level2_63","58818","191927.125000,12594.749023,89315.468750"
"286","level3_41","58819","171317.406250,10712.575195,65469.445313"
"287","level1_159","58817","136480.953125,-538.491821,80060.875000"
"288","level1_160","58817","136614.484375,-509.115601,79810.148438"
"289","level1_161","58817","137275.328125,-390.914917,78144.679688"
"290","level4_26","58820","135842.656250,-519.104004,79110.820313"
"291","level1_162","58817","170378.765625,7253.305176,119254.710938"
"292","level3_42","58819","170182.750000,8048.760742,114038.882813"
"293","level4_27","58820","184038.703125,5577.040527,3129.169189"
"294","level2_64","58818","158781.000000,3263.278320,6741.218750"
"295","level2_65","58818","157963.828125,3262.468018,6661.095215"
"296","level4_28","58820","197012.921875,2325.434814,5273.592285"
"297","level3_43","58819","122579.695313,1706.628418,21072.650391"
"298","level4_29","58820","118532.992188,1435.101318,26628.433594"
"299","level1_163","58817","118631.710938,1455.895996,27082.248047"
"300","level1_164","58817","115536.757813,1622.732544,27970.650391"
"301","level2_66","58818","115954.882813,1611.578369,27936.109375"
"302","level2_67","58818","90126.437500,1381.851196,30925.226563"
"303","level2_68","58818","89881.554688,1403.579712,31423.242188"
"304","level4_30","58820","170136.906250,-653.750610,50287.437500"
"305","level3_44","58819","133080.281250,6597.412109,106752.257813"
"306","level4_31","58820","133417.234375,6598.573242,106114.539063"
"307","level1_165","58817","146779.875000,10422.537109,110364.062500"
"308","level2_69","58818","146345.812500,10555.411133,109667.367188"
"309","level1_166","58817","146936.859375,11335.006836,109948.718750"
"310","level1_167","58817","146997.625000,11335.006836,109504.406250"
"311","level2_70","58818","146845.906250,10301.570313,112110.093750"
"312","level1_168","58817","145298.734375,10199.395508,117117.234375"
"313","level1_169","58817","145342.375000,10205.357422,117444.640625"
"314","level1_170","58817","146622.265625,10285.817383,117151.539063"
"315","level1_171","58817","132683.000000,6872.201660,92228.945313"
"316","level1_172","58817","130961.304688,7777.810547,124559.421875"
"317","level1_173","58817","130845.468750,7777.864746,127006.687500"
"318","level1_174","58817","133608.906250,7778.842773,127068.859375"
"319","level2_71","58818","129591.039063,7811.082520,127454.703125"
"320","level1_175","58817","133550.921875,7790.637207,130862.843750"
"321","level2_72","58818","130062.484375,7851.588379,132125.203125"
"322","level1_176","58817","128698.351563,7837.924316,132528.437500"
"323","level1_177","58817","131618.015625,7806.797852,133291.171875"
"324","level3_45","58819","129689.843750,7850.901855,135143.984375"
"325","level3_46","58819","132237.890625,7879.153320,135701.109375"
"326","level4_32","58820","132739.453125,8296.191406,139390.093750"
"327","level4_33","58820","134116.734375,7825.211914,134430.703125"
"328","level1_178","58817","120814.781250,7052.932617,101776.218750"
"329","level1_179","58817","136519.343750,7802.062988,134819.906250"
"330","level3_47","58819","135933.937500,7812.974609,135312.531250"
"331","level1_180","58817","133311.500000,7797.639648,132128.828125"
"332","level1_181","58817","133963.359375,7802.128418,133216.703125"
"333","level1_182","58817","137654.656250,7813.328613,132816.546875"
"334","level2_73","58818","137024.968750,7802.427734,133003.375000"
"335","level2_74","58818","140445.234375,7856.358398,133166.171875"
"336","level2_75","58818","138619.218750,7817.822266,130881.710938"
"337","level3_48","58819","138608.781250,7898.715332,128193.289063"
"338","level1_183","58817","139713.921875,7798.820313,129419.156250"
"339","level1_184","58817","138404.890625,7769.311523,129530.039063"
"340","level1_185","58817","140381.531250,7762.245117,127506.250000"
"341","level1_186","58817","142069.500000,7765.808105,127740.210938"
"342","level1_187","58817","140889.656250,7816.314453,129791.601563"
"343","level1_188","58817","139648.718750,7839.010742,135159.250000"
"344","level2_76","58818","139918.796875,7855.000488,136456.171875"
"345","level2_77","58818","142003.546875,7938.571289,136477.546875"
"346","level4_34","58820","142434.156250,7897.480957,137972.156250"
"347","level2_78","58818","139439.609375,7855.206055,138748.046875"
"348","level2_79","58818","139421.828125,7856.100586,140320.046875"
"349","level1_189","58817","83890.101563,1906.649780,139832.515625"
"350","level1_190","58817","127201.601563,7806.028809,135331.125000"
"351","level2_80","58818","130936.937500,7859.919922,134879.093750"
"352","level3_49","58819","140812.031250,7814.857422,131129.875000"
"353","level1_191","58817","126869.750000,7784.281738,130856.851563"
"354","level1_192","58817","126474.781250,7780.995117,129293.085938"
"355","level1_193","58817","124797.359375,7811.088379,129011.046875"
"356","level2_81","58818","123627.250000,7807.917969,128443.570313"
"357","level3_50","58819","124056.679688,7798.901367,127357.601563"
"358","level1_194","58817","122604.203125,7817.063965,128163.648438"
"359","level1_195","58817","121357.398438,7817.063965,128170.835938"
"360","level3_51","58819","122102.945313,7809.158203,132541.453125"
"361","level3_52","58819","124634.656250,7894.177246,138394.218750"
"362","level3_53","58819","121984.250000,7791.238281,142514.625000"
"363","level2_82","58818","127199.023438,8011.911133,137870.640625"
"364","level1_196","58817","126936.679688,7841.049316,136490.375000"
"365","level1_197","58817","124614.906250,7785.312012,134637.625000"
"366","level1_198","58817","125353.468750,7788.470703,134487.296875"
"367","level1_199","58817","124603.171875,7805.926758,133186.375000"
"368","level4_35","58820","128849.257813,7795.115723,133296.625000"
"369","level4_36","58820","126763.132813,7807.754395,132029.250000"
"370","level1_200","58817","121390.664063,7786.779785,130098.367188"
"371","level2_83","58818","121505.562500,7817.063965,129260.718750"
"372","level3_54","58819","122496.335938,7817.063965,127952.492188"
"373","level2_84","58818","136576.921875,7891.581543,136655.859375"
"374","level2_85","58818","132381.281250,8358.428711,139085.359375"
"375","level2_86","58818","132992.828125,8252.885742,138959.812500"
"376","level2_87","58818","132594.328125,8305.868164,138828.390625"
"377","level2_88","58818","124775.687500,7816.163574,135734.421875"
"378","level3_55","58819","108978.500000,3329.156494,162538.750000"
"379","level1_201","58817","108267.554688,3244.476318,162263.468750"
"380","level1_202","58817","103615.648438,6462.020996,165571.796875"
"381","level1_203","58817","109411.390625,3472.351074,162222.687500"
"382","level1_204","58817","106959.617188,3062.118652,164522.875000"
"383","level1_205","58817","106746.226563,3029.843262,165011.781250"
"384","level1_206","58817","106408.507813,3061.712646,166851.531250"
"385","level2_89","58818","106453.429688,3088.226318,167049.093750"
"386","level1_207","58817","106183.875000,3287.072754,174314.093750"
"387","level2_90","58818","106563.257813,3374.014160,174858.609375"
"388","level1_208","58817","108037.023438,3324.765137,174553.171875"
"389","level1_209","58817","120825.179688,4297.409180,183672.812500"
"390","level1_210","58817","107122.359375,3024.209473,171958.984375"
"391","level4_37","58820","110168.734375,3220.693848,170857.546875"
"392","level4_38","58820","194323.406250,15000.001953,65992.203125"
"393","level3_56","58819","196370.500000,19544.882813,44642.542969"
"394","level2_91","58818","195969.078125,19541.099609,44262.312500"
"395","level2_92","58818","196426.375000,19561.728516,44208.460938"
"396","level1_211","58817","90295.562500,3482.400391,169574.375000"
"397","level2_93","58818","88925.945313,3747.274902,170772.562500"
"398","level1_212","58817","91644.375000,3431.610107,170536.406250"
"399","level1_213","58817","112939.406250,4851.437500,190183.750000"
"400","level1_214","58817","112341.382813,4866.290039,190094.562500"
"401","level1_215","58817","125017.296875,6278.680664,193010.875000"
"402","level2_94","58818","124354.101563,6249.121094,193692.609375"
"403","level3_57","58819","113375.570313,4417.767578,187739.578125"
"404","level1_216","58817","112633.921875,4160.656738,187079.156250"
"405","level2_95","58818","107256.546875,4911.056641,188797.703125"
"406","level1_217","58817","104637.890625,5563.397949,197612.078125"
"407","level2_96","58818","124855.273438,6736.404297,189344.765625"
"408","level1_218","58817","120418.429688,5670.879883,192552.859375"
"409","level1_219","58817","120952.164063,5603.799316,190679.984375"
"410","level1_220","58817","117014.937500,3988.526611,180243.937500"
"411","level1_221","58817","127027.898438,3988.530029,181562.187500"
"412","level2_97","58818","126680.945313,3988.529541,179550.484375"
"413","level4_39","58820","133133.875000,5143.771973,180142.265625"
"414","level1_222","58817","131847.578125,6309.171875,184917.125000"
"415","level1_223","58817","133530.484375,7328.114258,199887.703125"
"416","level1_224","58817","132816.031250,6309.330078,184867.968750"
"417","level2_98","58818","131988.421875,5616.226074,184106.515625"
"418","level2_99","58818","129701.539063,5633.017090,184591.312500"
"419","level2_100","58818","132604.265625,4844.501465,181573.203125"
"420","level2_101","58818","132422.140625,4784.874512,178686.500000"
"421","level1_225","58817","122766.382813,5408.465820,174983.640625"
"422","level1_226","58817","125078.820313,5213.705566,173666.546875"
"423","level1_227","58817","110828.335938,3455.419922,164987.765625"
"424","level2_102","58818","112041.906250,3483.746338,165108.578125"
"425","level2_103","58818","119711.890625,4107.327148,167580.593750"
"426","level1_228","58817","90419.265625,950.567627,125899.046875"
"427","level1_229","58817","118512.546875,4029.519531,165862.093750"
"428","level1_230","58817","119143.750000,4010.217285,168550.187500"
"429","level1_231","58817","91419.554688,452.920532,114127.664063"
"430","level1_232","58817","121986.812500,4274.954102,165778.484375"
"431","level2_104","58818","121744.382813,4281.537109,166326.234375"
"432","level4_40","58820","121741.945313,4431.619141,167160.765625"
"433","level3_58","58819","118201.101563,4398.473145,178295.546875"
"434","level4_41","58820","116605.171875,3687.112305,176666.921875"
"435","level3_59","58819","117956.773438,3907.021973,174106.718750"
"436","level2_105","58818","116046.414063,3627.536133,173719.484375"
"437","level3_60","58819","116144.601563,3628.530762,172747.218750"
"438","level2_106","58818","144228.625000,5905.068359,177665.625000"
"439","level1_233","58817","144262.406250,5905.068359,177397.859375"
"440","level1_234","58817","149940.546875,5936.224609,175780.953125"
"441","level1_235","58817","149878.937500,5961.630371,174658.125000"
"442","level1_236","58817","150673.843750,6004.684570,181248.390625"
"443","level1_237","58817","150776.078125,5841.913086,178922.609375"
"444","level1_238","58817","171604.046875,7473.790039,183907.265625"
"445","level1_239","58817","172164.906250,7472.972656,183397.625000"
"446","level1_240","58817","172759.953125,7473.729004,182949.687500"
"447","level1_241","58817","173442.484375,7474.232422,182676.093750"
"448","level3_61","58819","173706.609375,6304.556152,181034.796875"
"449","level4_42","58820","177489.562500,6918.765137,172341.562500"
"450","level1_242","58817","175210.359375,6850.933105,178719.921875"
"451","level1_243","58817","174778.093750,6850.933105,178405.437500"
"452","level2_107","58818","174623.734375,7217.104492,181199.156250"
"453","level2_108","58818","175228.218750,7217.106445,180447.406250"
"454","level1_244","58817","175132.734375,7822.032715,181556.390625"
"455","level1_245","58817","175428.859375,7823.547363,181188.937500"
"456","level1_246","58817","174354.937500,6402.416992,180349.265625"
"457","level1_247","58817","172694.750000,6321.133301,182112.468750"
"458","level4_43","58820","176178.625000,7822.445801,180468.281250"
"459","level4_44","58820","175641.593750,6278.192383,166706.734375"
"460","level3_62","58819","174877.437500,5862.741211,166468.843750"
"461","level3_63","58819","174769.937500,5897.070313,167820.718750"
"462","level1_248","58817","172700.531250,5611.239746,167510.828125"
"463","level1_249","58817","172430.343750,5563.525391,167674.984375"
"464","level1_250","58817","172991.031250,5670.932129,168001.562500"
"465","level1_251","58817","177321.359375,6757.113770,170674.859375"
"466","level1_252","58817","178349.906250,7119.104004,171080.953125"
"467","level1_253","58817","158670.031250,5322.588379,172682.109375"
"468","level4_45","58820","158906.500000,5323.361328,173179.359375"
"469","level4_46","58820","158232.687500,5322.591797,173934.156250"
"470","level4_47","58820","158080.718750,5322.596191,171559.281250"
"471","level2_109","58818","160196.218750,3932.192871,176055.078125"
"472","level2_110","58818","159751.703125,3932.666016,175126.093750"
"473","level1_254","58817","159418.687500,3944.345215,175741.625000"
"474","level1_255","58817","159832.078125,3932.833984,175793.468750"
"475","level1_256","58817","159059.546875,4414.534180,174746.312500"
"476","level1_257","58817","159668.453125,3994.186523,174016.546875"
"477","level1_258","58817","160993.546875,4716.886230,178607.312500"
"478","level1_259","58817","159798.328125,4716.893066,179237.859375"
"479","level1_260","58817","160868.234375,3965.509033,178213.984375"
"480","level4_48","58820","159737.203125,3958.703613,178100.281250"
"481","level3_64","58819","155898.187500,5637.716797,178795.031250"
"482","level1_261","58817","154560.484375,5898.608398,176829.125000"
"483","level1_262","58817","155008.515625,5962.854004,170642.515625"
"484","level1_263","58817","154195.937500,5962.823242,170611.703125"
"485","level1_264","58817","148363.328125,9609.240234,187705.062500"
"486","level1_265","58817","153034.781250,6892.225586,172084.484375"
"487","level1_266","58817","153043.453125,6892.208984,172955.828125"
"488","level1_267","58817","154175.203125,5811.642578,174189.078125"
"489","level1_268","58817","160124.859375,8137.922852,156548.562500"
"490","level3_65","58819","153155.093750,6983.803711,173323.234375"
"491","level2_111","58818","154709.734375,5685.202148,172648.078125"
"492","level3_66","58819","165488.296875,4089.616455,175098.734375"
"493","level1_269","58817","166654.671875,4090.112305,177612.343750"
"494","level1_270","58817","166975.328125,4074.864990,176043.156250"
"495","level1_271","58817","158132.109375,5792.019531,184140.890625"
"496","level1_272","58817","158721.625000,5792.019531,184156.640625"
"497","level2_112","58818","158476.984375,5418.759277,183495.125000"
"498","level1_273","58817","163305.000000,5018.429688,162420.375000"
"499","level2_113","58818","161996.484375,5269.525391,162051.281250"
"500","level2_114","58818","169358.562500,6049.522949,161211.718750"
"501","level2_115","58818","168876.796875,6059.058594,160901.203125"
"502","level3_67","58819","169060.921875,5378.970215,161783.343750"
"503","level1_274","58817","164443.015625,6470.123047,160021.375000"
"504","level1_275","58817","165838.843750,6480.126953,159174.093750"
"505","level1_276","58817","177497.062500,9231.985352,161257.640625"
"506","level2_116","58818","148854.203125,8248.179688,192916.015625"
"507","level1_277","58817","148855.015625,8290.765625,192274.406250"
"508","level1_278","58817","147184.515625,8300.912109,195251.953125"
"509","level1_279","58817","145182.218750,8458.365234,194845.421875"
"510","level1_280","58817","149552.500000,8177.708496,190957.000000"
"511","level3_68","58819","147717.250000,8234.889648,194255.718750"
"512","level4_49","58820","147819.687500,8403.797852,191522.687500"
"513","level1_281","58817","150111.859375,7937.400879,187642.937500"
"514","level2_117","58818","154334.359375,8324.180664,187914.234375"
"515","level3_69","58819","155517.468750,7644.696289,187630.500000"
"516","level1_282","58817","155152.937500,5659.258789,180744.421875"
"517","level2_118","58818","124002.453125,5852.114746,170804.687500"
"518","level3_70","58819","125479.367188,5669.555664,171897.546875"
"519","level2_119","58818","127179.843750,4482.391602,177375.015625"
"520","level3_71","58819","126429.015625,4336.965820,178108.265625"
"521","level1_283","58817","146726.031250,6032.747070,172273.140625"
"522","level2_120","58818","146137.984375,6126.861328,171622.140625"
"523","level3_72","58819","139075.593750,6973.790039,179723.781250"
"524","level1_284","58817","161516.078125,5881.052246,161329.734375"
"525","level3_73","58819","161416.828125,5155.679199,162639.765625"
"526","level2_121","58818","184101.921875,9625.819336,180000.453125"
"527","level2_122","58818","184835.343750,9619.042969,179968.781250"
"528","level2_123","58818","184771.156250,9012.546875,179512.328125"
"529","level1_285","58817","182048.281250,10056.150391,167496.968750"
"530","level1_286","58817","184450.953125,8609.184570,178602.375000"
"531","level1_287","58817","187168.734375,10400.786133,178685.281250"
"532","level1_288","58817","186314.328125,9101.510742,178677.718750"
"533","level3_74","58819","183960.625000,9617.529297,180246.812500"
"534","level4_50","58820","195182.843750,13674.154297,188845.343750"
"535","level1_289","58817","195416.546875,13674.154297,188135.953125"
"536","level1_290","58817","196518.453125,15989.813477,186320.921875"
"537","level1_291","58817","195168.578125,13674.468750,187776.953125"
"538","level1_292","58817","193191.640625,14656.045898,193343.234375"
"539","level1_293","58817","188554.609375,13747.067383,189756.265625"
"540","level1_294","58817","188155.281250,13749.248047,188656.390625"
"541","level1_295","58817","186643.562500,13498.538086,186056.937500"
"542","level1_296","58817","187515.640625,14449.829102,190570.296875"
"543","level2_124","58818","187658.734375,14449.829102,190311.359375"
"544","level2_125","58818","188310.843750,13732.093750,188078.640625"
"545","level3_75","58819","188471.109375,13885.742188,190428.468750"
"546","level2_126","58818","160494.390625,8175.665039,193112.625000"
"547","level3_76","58819","160712.437500,8076.190430,192850.156250"
"548","level2_127","58818","157263.796875,9019.906250,193066.843750"
"549","level3_77","58819","140582.046875,7656.634766,194118.750000"
"550","level2_128","58818","139064.921875,7389.175293,193319.671875"
"551","level1_297","58817","114144.617188,6171.811523,198572.984375"
"552","level1_298","58817","117357.156250,5503.656250,197445.140625"
"553","level1_299","58817","100483.156250,3250.360107,178883.859375"
"554","level2_129","58818","100065.718750,2260.357666,163218.875000"
"555","level1_300","58817","99998.867188,2285.781738,163609.406250"
"556","level1_301","58817","88906.265625,6049.685547,97818.031250"
"557","level1_302","58817","89089.546875,6049.685547,97441.953125"
"558","level2_130","58818","88497.359375,5115.482910,97314.523438"
"559","level3_78","58819","88549.023438,5120.951660,97046.242188"
"560","level1_303","58817","88901.562500,4687.478516,91918.289063"
"561","level1_304","58817","87589.500000,4838.014160,91590.429688"
"562","level1_305","58817","87174.492188,4799.249023,91206.656250"
"563","level3_79","58819","88497.164063,5941.921387,90607.734375"
"564","level2_131","58818","84324.328125,1960.440063,86172.437500"
"565","level1_306","58817","84641.476563,1954.434204,86106.140625"
"566","level1_307","58817","84130.015625,1966.613770,86609.117188"
"567","level1_308","58817","82453.937500,2110.424805,87966.750000"
"568","level1_309","58817","82628.210938,2108.273438,87683.929688"
"569","level1_310","58817","82159.421875,2045.159912,90287.046875"
"570","level1_311","58817","82527.062500,2049.740723,89722.773438"
"571","level2_132","58818","82986.117188,2054.339600,89232.250000"
"572","level1_312","58817","82414.671875,3125.501221,90122.679688"
"573","level2_133","58818","82983.937500,3125.959473,89179.148438"
"574","level1_313","58817","83014.476563,3747.587646,90508.351563"
"575","level3_80","58819","83547.781250,3749.986572,89755.093750"
"576","level1_314","58817","77446.390625,2004.745483,94141.703125"
"577","level1_315","58817","81246.093750,4322.007813,99601.859375"
"578","level1_316","58817","81266.804688,4317.970215,99003.468750"
"579","level1_317","58817","81058.375000,4314.369141,98281.421875"
"580","level2_134","58818","81246.109375,4984.860352,99639.664063"
"581","level3_81","58819","82240.156250,4347.395508,97077.804688"
"582","level4_51","58820","82617.281250,3747.917480,91221.109375"
"583","level1_318","58817","72357.085938,1928.707886,29899.195313"
"584","level1_319","58817","70471.679688,1890.515137,30079.865234"
"585","level2_135","58818","71449.843750,1971.902466,33728.140625"
"586","level2_136","58818","74000.718750,3780.349609,25669.570313"
"587","level3_82","58819","68151.781250,1855.120850,26939.925781"
"588","level1_320","58817","68585.531250,1906.072998,33655.425781"
"589","level1_321","58817","68386.507813,1889.782715,33091.492188"
"590","level1_322","58817","73282.890625,2188.018799,35903.816406"
"591","level1_323","58817","89015.367188,1451.385498,45023.097656"
"592","level2_137","58818","97025.093750,1446.777344,51113.132813"
"593","level2_138","58818","97928.523438,1419.290161,50433.406250"
"594","level1_324","58817","96921.273438,1424.304199,50543.406250"
"595","level1_325","58817","103502.437500,1217.764282,47262.421875"
"596","level1_326","58817","106973.703125,1248.605347,52541.035156"
"597","level2_139","58818","123173.171875,-1025.891113,41513.457031"
"598","level1_327","58817","122775.695313,-1037.268066,41178.605469"
"599","level3_83","58819","129208.023438,1484.707642,44370.039063"
"600","level2_140","58818","101780.648438,1263.986206,38745.367188"
"601","level1_328","58817","78859.296875,2259.628418,13549.134766"
"602","level4_52","58820","78434.890625,2222.720215,14024.134766"
"603","level1_329","58817","75075.492188,1383.706665,60001.148438"
"604","level1_330","58817","75084.304688,1374.911499,59467.382813"
"605","level1_331","58817","76441.117188,3135.407227,59281.824219"
"606","level1_332","58817","76604.109375,3141.227783,58533.843750"
"607","level1_333","58817","75738.242188,2511.365967,60155.140625"
"608","level1_334","58817","75740.437500,2513.791260,59248.210938"
"609","level2_141","58818","75589.070313,2512.916260,58226.527344"
"610","level4_53","58820","74894.078125,1384.091187,58638.714844"
"611","level4_54","58820","75489.507813,1387.969971,55764.683594"
"612","level1_335","58817","70830.820313,1261.279297,60414.125000"
"613","level2_142","58818","70208.992188,2286.180176,60837.609375"
"614","level1_336","58817","70241.421875,2286.180176,61325.652344"
"615","level2_143","58818","68152.781250,2028.713989,65943.656250"
"616","level1_337","58817","71962.429688,2152.852539,65893.398438"
"617","level1_338","58817","73430.437500,2498.526855,65895.281250"
"618","level1_339","58817","78554.070313,3074.602783,66598.148438"
"619","level2_144","58818","78570.687500,2632.918457,64954.445313"
"620","level2_145","58818","78555.335938,2534.031738,60478.472656"
"621","level3_84","58819","77189.156250,1690.118408,51308.742188"
"622","level4_55","58820","68186.703125,930.307007,52532.824219"
"623","level2_146","58818","66172.062500,1959.947632,51154.738281"
"624","level1_340","58817","67430.898438,2028.713989,51141.062500"
"625","level2_147","58818","73498.023438,2516.874023,51217.406250"
"626","level1_341","58817","72489.835938,1354.290771,57873.082031"
"627","level3_85","58819","66930.828125,-883.053589,59427.550781"
"628","level3_86","58819","66743.953125,-889.212036,57950.046875"
"629","level1_342","58817","67075.257813,-904.876709,59017.371094"
"630","level1_343","58817","65310.035156,1674.617432,62339.097656"
"631","level1_344","58817","62840.550781,219.936951,61150.984375"
"632","level2_148","58818","62312.546875,219.936890,61199.378906"
"633","level1_345","58817","62352.820313,698.526123,61042.625000"
"634","level2_149","58818","61878.082031,219.936996,61343.511719"
"635","level1_346","58817","61855.515625,209.527588,60498.222656"
"636","level1_347","58817","61895.093750,1149.943970,60564.007813"
"637","level1_348","58817","62330.460938,1140.001953,60596.910156"
"638","level1_349","58817","61753.742188,1664.734253,61383.546875"
"639","level1_350","58817","62002.406250,1682.013916,61339.851563"
"640","level4_56","58820","62711.808594,1664.734253,61317.109375"
"641","level4_57","58820","58583.570313,214.038086,57881.675781"
"642","level4_58","58820","58486.925781,207.968140,57724.945313"
"643","level1_351","58817","58717.167969,208.853195,58962.824219"
"644","level1_352","58817","58252.253906,208.853195,59610.132813"
"645","level3_87","58819","58767.101563,208.853195,60164.527344"
"646","level2_150","58818","57962.421875,636.298462,60200.445313"
"647","level4_59","58820","60324.992188,216.949463,64455.707031"
"648","level2_151","58818","60095.332031,188.723755,63978.777344"
"649","level1_353","58817","58753.125000,274.099731,64321.386719"
"650","level1_354","58817","58611.976563,302.774048,63317.957031"
"651","level2_152","58818","58687.316406,890.665833,64112.738281"
"652","level3_88","58819","58632.554688,890.680481,63267.945313"
"653","level4_60","58820","58692.835938,214.080811,62036.476563"
"654","level2_153","58818","58322.160156,275.628662,62310.890625"
"655","level1_355","58817","58702.160156,713.724121,61781.500000"
"656","level1_356","58817","58625.292969,1651.730713,60706.804688"
"657","level1_357","58817","58391.332031,1696.999878,59700.496094"
"658","level1_358","58817","59506.468750,203.970337,59560.710938"
"659","level2_154","58818","63734.191406,1004.070068,59171.937500"
"660","level1_359","58817","63227.128906,220.242310,58990.882813"
"661","level1_360","58817","60378.023438,3050.042725,87682.093750"
"662","level1_361","58817","63111.207031,220.193481,57889.769531"
"663","level2_155","58818","60905.488281,206.970215,56860.949219"
"664","level1_362","58817","61529.820313,222.589111,56823.167969"
"665","level1_363","58817","60892.781250,862.497498,56839.628906"
"666","level1_364","58817","61352.687500,862.674500,56833.683594"
"667","level2_156","58818","62515.476563,225.970459,63863.343750"
"668","level3_89","58819","63042.796875,227.682495,63613.914063"
"669","level1_365","58817","62289.152344,1141.526001,64437.890625"
"670","level1_366","58817","62690.296875,1141.526001,64500.593750"
"671","level1_367","58817","39535.949219,961.517334,33886.750000"
"672","level1_368","58817","37640.511719,2115.819092,33204.035156"
"673","level1_369","58817","36945.851563,2115.801514,33201.250000"
"674","level2_157","58818","35771.519531,2115.798584,32444.445313"
"675","level1_370","58817","34984.339844,1197.481079,32894.511719"
"676","level1_371","58817","33851.152344,903.762817,33857.363281"
"677","level2_158","58818","34487.816406,827.859497,32678.121094"
"678","level2_159","58818","30616.943359,855.920410,33767.015625"
"679","level1_372","58817","30870.080078,1782.445190,33070.542969"
"680","level1_373","58817","28980.566406,2239.411865,33413.359375"
"681","level1_374","58817","28115.664063,2239.782959,33453.078125"
"682","level1_375","58817","28576.578125,887.484741,34284.093750"
"683","level2_160","58818","29457.398438,913.692200,34267.367188"
"684","level1_376","58817","44278.953125,2522.657471,36984.757813"
"685","level2_161","58818","44324.210938,2803.137207,40629.441406"
"686","level3_90","58819","34660.246094,922.002991,38861.621094"
"687","level1_377","58817","33940.378906,920.733643,38092.128906"
"688","level1_378","58817","35646.863281,940.890503,37994.628906"
"689","level2_162","58818","34243.195313,2058.399170,38122.875000"
"690","level4_61","58820","34473.972656,2705.704102,38752.433594"
"691","level3_91","58819","37234.007813,1889.117798,38836.765625"
"692","level1_379","58817","31657.613281,917.251587,39998.785156"
"693","level2_163","58818","31639.443359,922.250366,40598.859375"
"694","level4_62","58820","30952.179688,1774.971436,40257.820313"
"695","level3_92","58819","30912.496094,1774.971436,40757.886719"
"696","level2_164","58818","31413.259766,952.120972,43259.441406"
"697","level2_165","58818","31498.621094,939.218140,42494.035156"
"698","level1_380","58817","31308.447266,953.298950,43404.730469"
"699","level1_381","58817","30770.339844,1358.480591,43891.757813"
"700","level2_166","58818","31129.710938,966.250610,45509.363281"
"701","level1_382","58817","31460.667969,1435.359863,45207.988281"
"702","level1_383","58817","31067.707031,1438.887939,45220.347656"
"703","level1_384","58817","34139.863281,1055.252075,43428.148438"
"704","level1_385","58817","30694.542969,2367.730225,42151.957031"
"705","level2_167","58818","31316.470703,2410.433594,43402.015625"
"706","level4_63","58820","35940.195313,641.107178,31573.986328"
"707","level1_386","58817","28776.599609,883.551025,38188.421875"
"708","level2_168","58818","29468.558594,890.936279,38180.531250"
"709","level3_93","58819","29260.746094,1803.054565,38784.855469"
"710","level1_387","58817","24016.011719,880.801392,36422.480469"
"711","level1_388","58817","24509.412109,862.448120,37693.367188"
"712","level1_389","58817","24951.994141,1767.664551,38257.343750"
"713","level1_390","58817","25307.740234,1767.664307,38277.691406"
"714","level3_94","58819","25336.101563,865.164185,37604.285156"
"715","level4_64","58820","25663.949219,1896.944092,39880.437500"
"716","level2_169","58818","26246.636719,954.824829,39418.058594"
"717","level1_391","58817","26138.064453,1060.977173,40061.519531"
"718","level1_392","58817","25673.929688,1190.246582,42462.859375"
"719","level1_393","58817","25627.375000,1872.437866,39606.507813"
"720","level1_394","58817","114265.000000,1386.416626,51506.179688"
"721","level1_395","58817","32295.378906,2388.811523,46882.800781"
"722","level1_396","58817","31058.376953,2381.130859,46858.535156"
"723","level3_95","58819","29946.208984,2409.978027,46823.125000"
"724","level4_65","58820","20042.312500,923.131470,36568.324219"
"725","level3_96","58819","19634.498047,924.236084,36139.765625"
"726","level2_170","58818","19473.701172,1723.167236,35994.800781"
"727","level2_171","58818","19840.826172,1732.427612,36049.757813"
"728","level1_397","58817","29306.273438,885.202026,31585.943359"
"729","level1_398","58817","30381.957031,778.347778,29013.666016"
"730","level2_172","58818","32017.757813,637.091064,29293.126953"
"731","level1_399","58817","31396.626953,1541.562866,29504.871094"
"732","level1_400","58817","33950.820313,606.326294,30677.509766"
"733","level2_173","58818","32100.259766,636.291504,30193.000000"
"734","level3_97","58819","31531.156250,1610.854736,31725.414063"
"735","level1_401","58817","31920.830078,763.003540,31802.570313"
"736","level1_402","58817","31303.091797,1610.704956,31163.546875"
"737","level3_98","58819","33303.300781,627.267456,25811.513672"
"738","level1_403","58817","103173.703125,1217.855835,71141.765625"
"739","level1_404","58817","33318.414063,1430.417847,24928.970703"
"740","level2_174","58818","31827.187500,1606.224121,24959.839844"
"741","level4_66","58820","31493.271484,1606.581909,24974.367188"
"742","level2_175","58818","31743.830078,674.340820,25643.187500"
"743","level3_99","58819","33791.027344,645.819092,22871.566406"
"744","level1_405","58817","33642.511719,1431.414429,23605.751953"
"745","level1_406","58817","113477.125000,1250.210571,44207.421875"
"746","level4_67","58820","36584.378906,717.398071,17457.392578"
"747","level3_100","58819","27676.558594,1393.909790,25085.453125"
"748","level1_407","58817","28256.259766,645.251465,25906.183594"
"749","level1_408","58817","28747.718750,1380.337769,25182.488281"
"750","level1_409","58817","26580.828125,692.510986,24769.761719"
"751","level2_176","58818","35344.164063,922.002991,38813.996094"
"752","level4_68","58820","24267.765625,2667.355713,46839.953125"
"753","level3_101","58819","19961.304688,2888.509033,46558.554688"
"754","level2_177","58818","20361.255859,2040.057373,39578.671875"
"755","level1_410","58817","20418.833984,766.732788,29331.001953"
"756","level3_102","58819","19129.974609,632.730103,26333.587891"
"757","level1_411","58817","19110.369141,663.705444,27014.484375"
"758","level1_412","58817","18442.273438,1462.576904,26509.662109"
"759","level1_413","58817","18584.955078,1462.576904,26749.462891"
"760","level1_414","58817","89793.218750,1570.632935,53667.656250"
"761","level2_178","58818","19755.933594,692.037964,24868.876953"
"762","level1_415","58817","17444.611328,533.358765,24690.550781"
"763","level2_179","58818","17684.431641,1499.899902,25199.244141"
"764","level2_180","58818","18254.576172,1499.899902,25196.005859"
"765","level4_69","58820","11410.898438,2038.716919,21417.666016"
"766","level1_416","58817","9519.797852,2133.285156,21329.753906"
"767","level2_181","58818","37592.292969,722.174072,17069.632813"
"768","level3_103","58819","37561.613281,724.237061,17636.839844"
"769","level1_417","58817","37610.601563,1496.557983,17619.000000"
"770","level1_418","58817","37872.375000,727.877808,17618.107422"
"771","level1_419","58817","37688.824219,1811.124268,14973.443359"
"772","level2_182","58818","37649.234375,1811.124268,14544.946289"
"773","level3_104","58819","36905.648438,714.099121,14403.960938"
"774","level4_70","58820","31181.277344,1709.710693,16618.457031"
"775","level1_420","58817","31005.212891,770.199585,17294.730469"
"776","level2_183","58818","29416.779297,2346.020264,17656.261719"
"777","level1_421","58817","29398.519531,2346.020264,17190.160156"
"778","level1_422","58817","79117.382813,2713.876953,35879.445313"
"779","level1_423","58817","28632.986328,1741.045044,17092.974609"
"780","level1_424","58817","67189.531250,1849.053955,27063.119141"
"781","level2_184","58818","28624.740234,1741.094727,17694.927734"
"782","level3_105","58819","28484.988281,734.509277,18146.869141"
"783","level2_185","58818","28440.115234,733.547974,16735.152344"
"784","level1_425","58817","28345.761719,752.593994,16121.869141"
"785","level2_186","58818","24505.128906,742.681885,18305.562500"
"786","level1_426","58817","25161.119141,1536.597656,18068.509766"
"787","level1_427","58817","25171.078125,1536.597656,17557.101563"
"788","level1_428","58817","25201.623047,1570.265381,14974.687500"
"789","level1_429","58817","25191.226563,1570.852295,14426.852539"
"790","level2_187","58818","24522.638672,765.072632,14635.935547"
"791","level4_71","58820","24289.968750,739.996338,15299.221680"
"792","level3_106","58819","31517.636719,2342.871094,21303.634766"
"793","level4_72","58820","28234.482422,2362.612793,21252.388672"
"794","level3_107","58819","40169.910156,2934.564941,27856.564453"
"795","level1_430","58817","25916.671875,743.820190,23847.609375"
"796","level4_73","58820","18417.728516,657.235718,14083.487305"
"797","level1_431","58817","18397.003906,662.280273,12676.675781"
"798","level1_432","58817","18283.751953,661.285400,12451.812500"
"799","level2_188","58818","19141.921875,1778.207153,12874.238281"
"800","level2_189","58818","19201.257813,1777.845581,13377.920898"
"801","level1_433","58817","18437.203125,2425.514404,12712.878906"
"802","level1_434","58817","18384.044922,2425.514404,13298.722656"
"803","level1_435","58817","18575.253906,651.126099,13164.617188"
"804","level3_108","58819","18494.091797,1646.738037,16729.666016"
"805","level3_109","58819","18501.457031,1647.427368,17372.875000"
"806","level2_190","58818","19435.068359,626.486206,17007.816406"
"807","level4_74","58820","15488.162109,744.058228,13771.489258"
"808","level1_436","58817","15655.505859,1526.907715,13419.422852"
"809","level1_437","58817","15637.144531,1534.132813,13883.921875"
"810","level1_438","58817","16998.263672,2521.912109,9654.892578"
"811","level2_191","58818","12361.031250,721.850586,11580.218750"
"812","level1_439","58817","11771.440430,1736.170776,11886.125000"
"813","level1_440","58817","11959.942383,2764.655762,13317.607422"
"814","level2_192","58818","12085.639648,511.630249,17161.779297"
"815","level1_441","58817","12831.942383,444.500732,17885.906250"
"816","level1_442","58817","12510.592773,709.075928,12338.645508"
"817","level1_443","58817","12541.948242,707.672119,12693.337891"
"818","level1_444","58817","19383.986328,684.350586,24835.462891"
"819","level1_445","58817","19510.455078,855.062866,31009.517578"
"820","level1_446","58817","19698.195313,936.224365,35263.054688"
"821","level4_75","58820","12659.537109,705.206299,13663.931641"
"822","level4_76","58820","18053.636719,585.232544,24537.570313"
"823","level1_447","58817","18994.097656,1330.267334,64253.539063"
"824","level1_448","58817","18876.103516,1837.405640,64334.949219"
"825","level3_110","58819","19438.355469,1305.377197,64211.960938"
"826","level4_77","58820","44809.921875,2024.221802,76288.460938"
"827","level3_111","58819","24850.533203,1248.361206,72221.296875"
"828","level1_449","58817","14887.209961,946.203613,77834.335938"
"829","level2_193","58818","25512.259766,655.493164,89068.875000"
"830","level2_194","58818","25795.810547,676.062012,89383.351563"
"831","level1_450","58817","20577.164063,430.090332,102792.906250"
"832","level2_195","58818","20304.466797,439.328003,102525.695313"
"833","level3_112","58819","17187.294922,615.182495,92869.351563"
"834","level4_78","58820","16834.419922,755.313110,92491.640625"
"835","level2_196","58818","88670.796875,1469.094849,45076.195313"
"836","level4_79","58820","98398.179688,1377.761841,49745.691406"
"837","level1_451","58817","42057.011719,1593.234253,98003.750000"
"838","level1_452","58817","41952.867188,1423.489380,100226.132813"
"839","level3_113","58819","42821.421875,1479.232788,100162.343750"
"840","level2_197","58818","41247.640625,1548.587036,97838.359375"
"841","level4_80","58820","50275.453125,3302.313232,84986.218750"
"842","level3_114","58819","52212.632813,3303.063965,84332.437500"
"843","level2_198","58818","50218.941406,3315.573242,85854.429688"
"844","level2_199","58818","51061.375000,3249.868652,86079.945313"
"845","level1_453","58817","52677.027344,3299.850586,84744.882813"
"846","level1_454","58817","53157.488281,3282.800293,85154.210938"
"847","level2_200","58818","70189.648438,853.921509,132957.296875"
"848","level1_455","58817","60157.042969,1245.260620,132656.421875"
"849","level1_456","58817","59578.171875,1338.500977,131476.859375"
"850","level1_457","58817","58248.242188,1337.112427,134847.187500"
"851","level2_201","58818","57010.046875,1577.084351,145606.515625"
"852","level3_115","58819","45917.988281,1297.940063,141774.968750"
"853","level3_116","58819","44885.902344,3037.659668,142843.765625"
"854","level4_81","58820","44938.914063,3034.358398,141726.359375"
"855","level2_202","58818","45601.265625,2415.297363,142725.031250"
"856","level2_203","58818","45693.714844,2416.026367,143826.343750"
"857","level1_458","58817","45735.488281,1255.313110,142362.343750"
"858","level1_459","58817","65522.460938,1494.979248,141206.781250"
"859","level1_460","58817","46816.082031,1271.978760,144556.796875"
"860","level1_461","58817","50692.226563,1306.854248,143330.296875"
"861","level4_82","58820","45337.312500,2715.678711,134402.734375"
"862","level1_462","58817","51980.175781,3144.598877,134485.421875"
"863","level2_204","58818","47797.414063,1279.248047,136144.343750"
"864","level3_117","58819","49537.804688,2043.901855,134725.593750"
"865","level4_83","58820","47832.843750,1286.212158,135647.437500"
"866","level1_463","58817","49008.789063,1279.071045,137667.031250"
"867","level1_464","58817","48761.289063,1294.696045,139617.140625"
"868","level1_465","58817","54387.394531,1342.111206,135824.078125"
"869","level1_466","58817","55599.109375,3008.711914,137182.500000"
"870","level3_118","58819","55593.855469,3005.728027,136000.921875"
"871","level2_205","58818","71346.992188,1129.022217,141773.296875"
"872","level1_467","58817","71292.812500,1160.461426,142359.484375"
"873","level2_206","58818","19610.158203,1517.364502,143309.406250"
"874","level1_468","58817","18878.107422,1511.892700,142260.140625"
"875","level1_469","58817","18467.978516,1539.059448,143695.000000"
"876","level1_470","58817","8289.200195,3096.032715,135311.765625"
"877","level3_119","58819","4199.086914,2884.918213,151328.718750"
"878","level2_207","58818","14347.842773,3450.100342,132965.031250"
"879","level4_84","58820","4579.200195,3107.386230,130240.359375"
"880","level1_471","58817","12569.076172,532.131958,121330.445313"
"881","level1_472","58817","12684.033203,580.932617,120590.562500"
"882","level2_208","58818","12702.987305,1141.056519,121032.226563"
"883","level2_209","58818","12435.878906,1141.058472,122202.695313"
"884","level3_120","58819","13180.366211,1411.329102,119049.179688"
"885","level2_210","58818","12959.431641,1411.328857,119411.585938"
"886","level1_473","58817","13564.718750,616.561890,119261.289063"
"887","level1_474","58817","9379.257813,841.458130,120853.570313"
"888","level1_475","58817","15258.449219,1881.940308,121389.953125"
"889","level1_476","58817","15923.684570,1860.931396,121461.117188"
"890","level4_85","58820","16863.203125,1772.250977,122198.085938"
"891","level3_121","58819","17798.722656,792.193848,122340.601563"
"892","level1_477","58817","17726.964844,267.898560,122681.125000"
"893","level1_478","58817","24795.533203,239.248657,121449.664063"
"894","level1_479","58817","16775.875000,331.016632,121744.703125"
"895","level1_480","58817","15363.392578,392.004700,121482.140625"
"896","level1_481","58817","16919.660156,398.977661,120692.921875"
"897","level1_482","58817","17369.617188,1282.228516,116212.046875"
"898","level1_483","58817","16007.769531,524.490356,119088.187500"
"899","level1_484","58817","13238.753906,665.615845,117230.929688"
"900","level1_485","58817","12982.858398,670.278931,117747.562500"
"901","level2_211","58818","12638.175781,1427.598755,116899.671875"
"902","level1_486","58817","12525.870117,1427.975708,117237.046875"
"903","level2_212","58818","24650.246094,256.155396,124189.609375"
"904","level3_122","58819","23834.273438,231.933594,124677.523438"
"905","level1_487","58817","25273.005859,242.941833,122336.187500"
"906","level3_123","58819","25426.210938,242.941833,122160.546875"
"907","level4_86","58820","25156.191406,1038.664307,122381.851563"
"908","level1_488","58817","25358.408203,1048.281250,121958.312500"
"909","level1_489","58817","24957.890625,236.160278,122851.015625"
"910","level1_490","58817","22814.283203,270.751953,129403.734375"
"911","level1_491","58817","23054.199219,270.877075,128900.039063"
"912","level1_492","58817","78004.179688,2003.915405,93187.031250"
"913","level1_493","58817","23690.949219,1206.510010,128942.875000"
"914","level4_87","58820","17644.916016,370.208740,132264.500000"
"915","level4_88","58820","31183.794922,1015.527344,120629.492188"
"916","level4_89","58820","31151.029297,999.700928,120796.921875"
"917","level3_124","58819","32053.103516,3100.184814,121042.734375"
"918","level1_494","58817","28411.675781,3109.122314,134723.468750"
"919","level3_125","58819","29364.269531,1115.734863,127985.523438"
"920","level1_495","58817","18761.408203,271.096802,121474.757813"
"921","level2_213","58818","10155.004883,2035.387085,114078.078125"
"922","level1_496","58817","11633.486328,2020.041260,114503.390625"
"923","level1_497","58817","17778.603516,460.229492,115092.078125"
"924","level4_90","58820","74816.312500,2823.312500,180126.281250"
"925","level1_498","58817","100006.335938,1263.928223,104439.195313"
"926","level1_499","58817","49449.332031,3138.208008,171938.453125"
"927","level1_500","58817","87833.414063,1278.890991,130968.414063"
"928","level1_501","58817","51331.542969,2886.410645,170929.078125"
"929","level1_502","58817","52862.761719,2980.468750,174465.375000"
"930","level2_214","58818","52384.328125,2922.073242,173368.796875"
"931","level4_91","58820","51100.078125,2988.149902,173511.906250"
"932","level3_126","58819","50964.585938,2944.934082,172009.781250"
"933","level4_92","58820","118263.929688,4060.620117,185158.171875"
"934","level2_215","58818","128697.242188,4823.858398,174429.156250"
"935","level1_503","58817","138596.843750,5905.068359,174973.406250"
"936","level1_504","58817","172722.796875,7938.946289,128525.929688"
"937","level1_505","58817","135799.125000,5495.379883,177594.312500"
"938","level3_127","58819","134983.562500,5614.211914,172462.578125"
"939","level4_93","58820","143743.281250,5998.904297,172599.718750"
"940","level3_128","58819","141610.593750,9641.020508,159353.609375"
"941","level3_129","58819","141467.890625,9741.776367,159994.375000"
"942","level1_506","58817","140786.484375,10422.896484,159081.531250"
"943","level1_507","58817","140506.000000,10448.659180,159464.093750"
"944","level1_508","58817","143463.593750,10528.116211,158150.218750"
"945","level1_509","58817","158145.359375,7767.483398,139446.921875"
"946","level1_510","58817","142137.015625,10528.099609,157566.906250"
"947","level3_130","58819","141927.328125,10250.247070,156203.343750"
"948","level1_511","58817","133450.343750,10258.547852,160232.562500"
"949","level2_216","58818","133024.640625,10228.038086,160607.109375"
"950","level4_94","58820","136784.968750,10240.434570,160394.671875"
"951","level2_217","58818","136131.500000,11563.687500,157152.796875"
"952","level1_512","58817","135461.765625,12495.540039,156710.671875"
"953","level4_95","58820","135231.906250,12429.085938,156998.593750"
"954","level4_96","58820","138060.406250,11687.191406,157469.890625"
"955","level1_513","58817","156553.984375,7197.814941,158557.671875"
"956","level1_514","58817","156333.734375,7605.552734,160098.578125"
"957","level2_218","58818","158148.015625,5244.262695,166586.906250"
"958","level4_97","58820","172413.750000,7472.955078,183231.828125"
"959","level1_515","58817","161283.343750,6029.690430,186364.812500"
"960","level1_516","58817","160801.093750,6818.182617,188418.656250"
"961","level1_517","58817","155270.421875,5663.259766,182401.250000"
"962","level3_131","58819","155933.500000,5582.931641,182627.968750"
"963","level4_98","58820","157961.843750,5348.245117,178081.015625"
"964","level2_219","58818","88607.132813,4084.771729,173291.625000"
"965","level1_518","58817","94139.625000,3777.856445,177557.562500"
"966","level2_220","58818","101708.468750,5797.268555,198367.812500"
"967","level1_519","58817","102340.140625,5707.469238,198127.343750"
"968","level3_132","58819","146212.718750,5711.178711,177261.734375"
"969","level2_221","58818","145849.546875,8468.319336,186755.984375"
"970","level1_520","58817","37406.828125,3139.251709,191232.203125"
"971","level1_521","58817","38313.167969,3138.250732,192141.031250"
"972","level1_522","58817","39558.878906,3140.252686,189862.484375"
"973","level1_523","58817","41175.773438,3141.250488,190067.406250"
"974","level4_99","58820","39800.574219,3140.252686,190594.484375"
"975","level2_222","58818","39782.027344,3191.741943,187927.953125"
"976","level2_223","58818","39023.210938,3174.765137,188027.359375"
"977","level3_133","58819","40716.957031,3138.229492,189197.921875"
"978","level1_524","58817","37833.433594,3134.585449,193785.906250"
"979","level1_525","58817","40919.582031,3142.251465,192969.218750"
"980","level1_526","58817","76158.281250,1421.029663,123214.148438"
"981","level1_527","58817","31759.503906,3838.702393,166566.375000"
"982","level2_224","58818","32242.156250,3925.964355,166922.109375"
"983","level1_528","58817","28282.691406,4133.453125,171546.843750"
"984","level1_529","58817","29377.716797,4211.206055,171331.171875"
"985","level3_134","58819","28698.269531,4118.365234,170790.671875"
"986","level4_100","58820","23811.404297,4085.684082,171185.781250"
"987","level2_225","58818","23132.734375,4068.459961,170888.140625"
"988","level3_135","58819","30200.939453,3839.355469,162542.140625"
"989","level1_530","58817","30500.873047,3741.192627,161838.968750"
"990","level1_531","58817","30839.910156,3910.040283,163009.812500"
"991","level1_532","58817","31462.322266,3975.002930,162935.578125"
"992","level1_533","58817","34770.277344,4307.229492,165206.515625"
"993","level1_534","58817","35493.851563,4317.233398,165264.703125"
"994","level3_136","58819","35030.230469,4317.855957,164414.125000"
"995","level2_226","58818","37904.875000,4615.548828,165344.562500"
"996","level2_227","58818","38134.402344,4703.549316,164531.062500"
"997","level1_535","58817","38526.601563,4804.150391,163901.140625"
"998","level1_536","58817","38847.417969,5275.624023,161001.093750"
"999","level1_537","58817","36021.316406,4615.044922,161367.312500"
"1000","level3_137","58819","40094.660156,5114.674316,162335.406250"
"1001","level2_228","58818","39284.695313,5113.322266,162175.515625"
"1002","level1_538","58817","31029.623047,3515.313721,158754.437500"
"1003","level2_229","58818","27067.400391,2903.408691,158696.000000"
"1004","level1_539","58817","27584.880859,2899.191406,158442.437500"
"1005","level4_101","58820","27325.435547,3061.724854,159849.125000"
"1006","level2_230","58818","28092.992188,3097.695801,159366.140625"
"1007","level1_540","58817","29656.396484,3390.747070,160063.093750"
"1008","level1_541","58817","25325.011719,3036.688232,160893.765625"
"1009","level1_542","58817","24031.134766,3184.463379,161264.656250"
"1010","level1_543","58817","24940.546875,3156.515625,162746.390625"
"1011","level1_544","58817","21695.148438,3246.365234,159482.406250"
"1012","level1_545","58817","20622.082031,3274.945068,159072.453125"
"1013","level1_546","58817","20618.820313,3319.708252,160271.750000"
"1014","level2_231","58818","20187.126953,3380.959961,160782.234375"
"1015","level3_138","58819","19313.486328,3406.533691,162433.250000"
"1016","level1_547","58817","17865.820313,3349.441406,162424.078125"
"1017","level2_232","58818","16615.349609,3201.132324,161911.468750"
"1018","level3_139","58819","15752.476563,3098.574707,162994.156250"
"1019","level3_140","58819","15759.152344,3083.624268,163699.828125"
"1020","level1_548","58817","15102.872070,3046.401855,163951.140625"
"1021","level1_549","58817","19222.507813,3210.314941,167723.750000"
"1022","level1_550","58817","58952.445313,2866.427734,96522.265625"
"1023","level1_551","58817","4022.379883,2878.481934,151702.781250"
"1024","level2_233","58818","19213.021484,3245.812988,166574.343750"
"1025","level3_141","58819","20399.082031,3349.618652,165286.296875"
"1026","level1_552","58817","21111.781250,3440.509033,164375.468750"
"1027","level1_553","58817","21035.589844,3467.184570,162611.625000"
"1028","level4_102","58820","22374.201172,3407.754395,162909.015625"
"1029","level4_103","58820","23757.175781,3261.035156,164205.437500"
"1030","level2_234","58818","24196.906250,3235.687256,163824.968750"
"1031","level1_554","58817","22551.031250,3392.382813,163997.234375"
"1032","level1_555","58817","26939.658203,3268.511963,166022.000000"
"1033","level2_235","58818","26258.187500,3177.246094,164133.171875"
"1034","level2_236","58818","27397.470703,3323.794434,166018.625000"
"1035","level1_556","58817","28488.097656,3348.059082,164951.953125"
"1036","level1_557","58817","28441.591797,3319.229004,164181.765625"
"1037","level3_142","58819","27347.833984,4092.886230,171878.593750"
"1038","level2_237","58818","26657.968750,3067.263672,160375.531250"
"1039","level1_558","58817","23257.583984,3153.051758,159654.859375"
"1040","level1_559","58817","24059.886719,3158.181641,160040.343750"
"1041","level1_560","58817","25414.087891,3331.622314,167139.531250"
"1042","level1_561","58817","25655.974609,3437.002441,168037.375000"
"1043","level4_104","58820","26588.785156,3484.643555,167657.328125"
"1044","level3_143","58819","30948.697266,3992.397949,168268.500000"
"1045","level1_562","58817","36848.726563,4800.743164,162161.843750"
"1046","level1_563","58817","54075.941406,2817.913818,173064.031250"
"1047","level3_144","58819","38120.105469,3140.252686,189416.718750"
"1048","level2_238","58818","38111.570313,355.471802,111244.570313"
"1049","level1_564","58817","38552.484375,358.425903,111367.484375"
"1050","level3_145","58819","104362.265625,1257.546997,47274.007813"
"1051","level1_565","58817","12201.818359,210.290527,125872.390625"
"1052","level1_566","58817","12005.291016,1241.457397,126381.687500"
"1053","level1_567","58817","60741.593750,1671.008301,118002.789063"
"1054","level2_239","58818","12420.682617,1241.861572,126288.632813"
"1055","level2_240","58818","15178.325195,374.188232,126286.062500"
"1056","level2_241","58818","16158.205078,386.221313,126635.617188"
"1057","level3_146","58819","15566.655273,1346.766479,127174.281250"
"1058","level4_105","58820","15228.534180,1953.254639,128239.601563"
"1059","level1_568","58817","15734.656250,2003.677979,127881.234375"
"1060","level1_569","58817","17722.414063,238.662720,84639.406250"
"1061","level2_242","58818","22545.056641,255.728149,128856.382813"
"1062","level1_570","58817","20361.708984,202.865601,126272.804688"
"1063","level2_243","58818","13531.269531,210.379028,127662.179688"
"1064","level2_244","58818","13145.744141,225.381470,127613.609375"
"1065","level3_147","58819","51649.328125,1332.284546,145894.343750"
"1066","level3_148","58819","82834.656250,3827.175781,102727.804688"
"1067","level2_245","58818","170619.062500,7275.036621,120179.796875"
"1068","level1_571","58817","168537.734375,8366.732422,139631.796875"
"1069","level1_572","58817","166573.468750,8450.103516,141282.937500"
"1070","level4_106","58820","167834.578125,6268.388672,137401.640625"
"1071","level2_246","58818","188189.578125,11367.152344,167809.343750"
"1072","level4_107","58820","188550.515625,11371.686523,167558.890625"
"1073","level2_247","58818","190140.015625,11705.763672,24150.964844"
"1074","level2_248","58818","190079.484375,11685.690430,24884.246094"
"1075","level4_108","58820","189549.703125,11695.452148,24403.613281"
"1076","","59145","78776.671875,2245.629883,13910.186523"
"1077","","59145","95302.609375,886.358643,21984.742188"
"1078","","59145","192327.171875,2272.795166,7621.122559"
"1079","","59147","194176.531250,2509.748779,8856.214844"
"1080","","59146","196359.562500,2258.465576,6867.791016"
"1081","","59146","165293.281250,4286.535645,6055.222656"
"1082","","59146","159366.906250,3235.668945,6854.674316"
"1083","","59146","175341.953125,7162.507813,6547.064453"
"1084","","59146","184874.828125,5570.261230,2477.476807"
"1085","","59145","183761.640625,5570.260742,3558.940186"
"1086","","59147","183497.328125,7178.794922,3219.824219"
"1087","","59147","136872.625000,1627.343750,12395.971680"
"1088","","59147","131084.296875,2498.550293,17467.957031"
"1089","","59147","119468.726563,1423.184204,25484.203125"
"1090","","59145","138791.093750,900.064087,27362.078125"
"1091","","59145","139931.656250,198.196411,30654.292969"
"1092","","59147","137996.187500,266.122437,32256.574219"
"1093","","59145","142584.218750,-297.979736,48826.187500"
"1094","","59146","172858.734375,7103.359863,41010.835938"
"1095","","59145","185569.906250,10620.547852,32812.167969"
"1096","","59147","184569.109375,14780.226563,21270.806641"
"1097","","59147","197843.718750,15325.612305,29786.605469"
"1098","","59146","201206.593750,15299.467773,29774.613281"
"1099","","59147","193316.046875,15094.085938,47419.500000"
"1100","","59147","185769.000000,-298.655701,59061.554688"
"1101","","59147","163507.078125,4045.138672,78214.632813"
"1102","","59146","179635.109375,4838.088867,94845.406250"
"1103","level1_573","58817","179815.015625,4832.037109,94805.492188"
"1104","level3_149","58819","180480.343750,5741.549805,94309.109375"
"1105","level2_249","58818","181511.640625,4829.470703,96300.875000"
"1106","level1_574","58817","192209.937500,8292.638672,102836.812500"
"1107","level2_250","58818","192763.015625,9161.541992,102206.156250"
"1108","level4_109","58820","193072.437500,8388.864258,103393.531250"
"1109","level3_150","58819","190943.640625,9118.280273,104325.742188"
"1110","","59145","191346.281250,8412.275391,98620.929688"
"1111","level2_251","58818","191511.296875,8412.275391,97260.273438"
"1112","","59147","184147.703125,5074.389648,103028.218750"
"1113","","59147","151695.703125,8157.115234,104550.148438"
"1114","","59145","139034.015625,7139.401367,91232.468750"
"1115","","59145","132450.968750,8219.834961,138161.078125"
"1116","","59147","85708.414063,1695.462036,112741.234375"
"1117","","59147","52806.855469,3233.081055,86070.046875"
"1118","","59145","36369.070313,3188.906738,68606.156250"
"1119","","59145","23869.046875,1124.948120,73424.976563"
"1120","","59147","14888.177734,895.275879,79018.554688"
"1121","","59146","16931.736328,432.424927,120185.703125"
"1122","","59146","30757.611328,840.179443,121188.710938"
"1123","","59147","26752.007813,380.337524,123796.468750"
"1124","","59145","24717.710938,694.662476,96126.765625"
"1125","","59147","40856.441406,1445.703125,99026.968750"
"1126","","59146","46712.468750,1264.624023,142761.531250"
"1127","","59146","54486.152344,1403.421021,139574.531250"
"1128","","59147","78473.890625,3344.561768,153757.781250"
"1129","","59147","89107.203125,3182.342529,166832.171875"
"1130","","59147","88995.156250,4162.258789,173955.046875"
"1131","","59145","88195.101563,4277.422852,174344.609375"
"1132","level3_151","58819","93324.804688,3413.357422,171096.000000"
"1133","","59146","102321.210938,3244.760986,181586.187500"
"1134","","59147","119360.937500,5033.282227,189561.359375"
"1135","","59147","142095.734375,6091.389648,176310.484375"
"1136","","59145","140306.281250,6135.853516,173569.531250"
"1137","","59145","138386.359375,7282.538086,166586.031250"
"1138","level3_152","58819","140249.640625,7542.683594,168852.687500"
"1139","level1_575","58817","145748.187500,6634.551758,169299.859375"
"1140","level1_576","58817","170082.640625,4343.209961,176790.718750"
"1141","level1_577","58817","170388.609375,4314.724609,176143.890625"
"1142","level2_252","58818","159880.218750,5527.670898,164321.578125"
"1143","","59147","165855.984375,6491.799805,159687.140625"
"1144","","59147","173848.250000,5795.269531,168241.656250"
"1145","","59145","188561.718750,13807.381836,190140.734375"
"1146","","59147","193820.343750,12666.317383,185928.812500"
"1147","","59147","187486.578125,10344.944336,166670.343750"
"1148","level2_253","58818","182645.343750,8147.167969,141819.203125"
"1149","level1_578","58817","182264.390625,8147.949219,141902.312500"
"1150","","59147","180486.906250,8399.758789,140267.515625"
"1151","","59147","172229.093750,7882.879883,128333.437500"
"1152","","59145","147152.312500,10184.255859,126882.851563"
"1153","","59147","136063.125000,7912.532227,123942.820313"
"1154","","59146","89790.171875,4991.844238,95841.773438"
"1155","","59146","32043.722656,924.124146,40311.996094"
"1156","","59146","32646.121094,839.468384,32340.726563"
"1157","","59146","20257.746094,645.706177,26118.093750"
"1158","","59146","20600.675781,679.794312,14541.902344"
"1159","","59146","13558.976563,757.458496,12786.797852"
"1160","","59147","29946.550781,813.442993,13813.641602"
"1161","","59147","35587.398438,716.375732,16692.490234"
"1162","","59147","20500.515625,931.225586,34837.140625"
"1163","","59147","62184.527344,234.478760,54416.417969"
"1164","","59147","115602.648438,-797.106934,81771.773438"
"1165","","59145","112668.765625,1252.624512,77180.765625"
"1166","","59147","112144.960938,1149.005127,66388.070313"
"1167","","59147","115634.328125,1539.950562,30531.167969"
"1168","","59146","169204.718750,7141.012695,111280.007813"
"1169","","59145","156892.015625,7475.439453,141909.421875"
"1170","","59147","134675.984375,6778.500488,93441.257813"
"1171","","59147","107428.554688,1154.788208,48959.605469"
"1172","","59147","107649.281250,1539.166260,32959.777344"
"1173","","59147","85402.640625,1984.176636,21523.052734"
"1174","","59145","59402.820313,1718.197632,33924.121094"
"1175","","59145","33936.773438,3123.773193,65091.003906"
"1176","","59145","20846.445313,206.109619,84919.320313"
"1177","","59147","19932.449219,459.185791,102761.789063"
"1178","","59146","140947.343750,1552.609253,60921.828125"
"1179","","59146","104766.015625,1227.023315,47567.023438"
"1180","","59146","15433.257813,626.895142,20069.101563"
"1181","","59147","16296.147461,477.044678,24919.513672"
"1182","","59145","27729.888672,948.843384,29951.089844"
"1183","","59146","34969.746094,941.687012,37868.503906"
"1184","","59146","22600.136719,1035.922241,39264.601563"
"1185","","59146","34097.750000,1217.111206,7607.459961"
"1186","","59146","30897.730469,1366.876221,7735.468262"
"1187","","59147","60530.621094,204.971313,59981.828125"
"1188","","59147","62550.683594,216.516113,63418.261719"
"1189","","59147","74667.703125,1422.378540,63440.894531"
"1190","","59146","73861.007813,1407.601929,62502.000000"
"1191","","59146","62832.898438,213.803101,62750.257813"
"1192","","59146","58515.535156,208.853195,59670.375000"
"1193","","59145","58458.433594,203.970337,57390.226563"
"1194","","59145","89182.382813,1464.727783,49005.156250"
"1195","","59147","99762.976563,1239.855957,76455.734375"
"1196","","59147","110577.976563,1554.870605,91289.671875"
"1197","","59147","102942.593750,1362.451172,106440.171875"
"1198","","59147","92255.234375,293.096924,113430.765625"
"1199","","59147","77015.476563,1444.583130,122101.078125"
"1200","","59147","56725.859375,2090.222168,123273.984375"
"1201","","59145","41004.917969,611.944580,113845.070313"
"1202","","59146","121860.695313,7800.106934,132509.406250"
"1203","","59146","131098.015625,7793.026855,126161.484375"
"1204","","59147","159679.687500,7441.946289,141141.718750"
"1205","","59146","176993.937500,8894.393555,158384.125000"
"1206","","59147","187566.984375,10246.766602,166037.078125"
"1207","","59147","184355.156250,8555.121094,178237.593750"
"1208","","59147","160833.359375,4268.948242,180014.093750"
"1209","","59146","122771.640625,-1200.991821,64664.390625"
"1210","","59145","133946.015625,-531.948853,75470.992188"
"1211","","59145","189619.203125,7033.941406,108988.406250"
"1212","","59145","178164.046875,8293.082031,126478.062500"
"1213","","59145","96367.679688,942.007446,132213.765625"
"1214","","59145","59531.335938,2848.840332,96318.945313"
"1215","","59147","21681.552734,424.359131,80342.453125"
"1216","","59145","42904.656250,1872.967529,76790.125000"
"1217","","59145","60859.160156,1676.950073,119113.406250"
"1218","","59145","88214.804688,3177.597168,165415.765625"
"1219","","59146","119148.570313,5144.314453,190314.125000"
"1220","","59146","126259.078125,5105.236816,173378.843750"
"1221","","59147","160689.140625,3930.902100,176673.328125"
"1222","","59147","153352.171875,8135.885742,140738.375000"
"1223","","59147","142950.203125,7620.239258,101697.265625"
"1224","","59147","62017.011719,4774.971191,79689.562500"
"1225","","59147","65750.640625,1249.682617,45083.628906"
"1226","","59147","81470.781250,1818.908691,36838.554688"
"1227","level5_1","59234","5823.684082,185.336304,167127.109375"
"1228","level5_2","59234","17812.580078,548.370361,106275.062500"
"1229","level5_3","59234","19836.472656,465.722656,102896.632813"
"1230","level5_4","59234","22975.181641,539.660645,97305.679688"
"1231","level5_5","59234","23537.412109,660.931396,92860.468750"
"1232","level5_6","59234","17854.677734,354.934692,85907.773438"
"1233","level5_7","59234","16392.914063,782.565308,81780.187500"
"1234","level5_8","59234","15456.716797,893.383789,78040.296875"
"1235","level5_9","59234","23388.648438,1029.602051,74236.328125"
"1236","level5_10","59234","26795.699219,1644.345093,68513.343750"
"1237","level5_11","59234","25202.279297,884.201050,59639.601563"
"1238","level5_12","59234","22098.650391,1079.174805,57065.269531"
"1239","level5_13","59234","25348.330078,1399.526978,52928.859375"
"1240","level5_14","59234","32267.025391,1738.073730,56484.691406"
"1241","level5_15","59234","38193.964844,1980.810547,59195.421875"
"1242","level5_16","59234","33817.898438,3088.198730,65499.785156"
"1243","level5_17","59234","29338.564453,1059.350586,79253.562500"
"1244","level5_18","59234","43218.187500,1817.926025,96194.109375"
"1245","level5_19","59234","62410.578125,1708.822632,119010.226563"
"1246","level5_20","59234","76854.421875,1408.499146,123502.343750"
"1247","level5_21","59234","86776.132813,1053.079224,123007.687500"
"1248","level5_22","59234","96127.718750,886.871338,124449.984375"
"1249","level5_23","59234","91661.656250,865.148926,131410.656250"
"1250","level5_24","59234","113332.984375,434.722900,136902.171875"
"1251","level5_25","59234","105880.140625,547.583008,132571.843750"
"1252","level5_26","59234","100853.671875,918.948364,144404.375000"
"1253","level5_27","59234","90837.984375,2980.307129,167323.281250"
"1254","level5_28","59234","89207.789063,3265.500000,167536.953125"
"1255","level5_29","59234","90435.226563,5123.166016,184974.187500"
"1256","level5_30","59234","75275.070313,2809.881592,180168.015625"
"1257","level5_31","59234","93947.062500,3812.512207,177381.750000"
"1258","level5_32","59234","121592.531250,7264.941406,156181.671875"
"1259","level5_33","59234","111133.218750,500.601196,129153.609375"
"1260","level5_34","59234","104789.750000,741.650391,117603.125000"
"1261","level5_35","59234","107480.703125,1243.374634,101311.312500"
"1262","level5_36","59234","97086.273438,1412.292480,96228.531250"
"1263","level5_37","59234","97134.101563,1179.492188,80847.734375"
"1264","level5_38","59234","96646.968750,1443.969727,65769.742188"
"1265","level5_39","59234","81968.953125,1953.936768,72238.375000"
"1266","level5_40","59234","63559.019531,2865.304688,99669.265625"
"1267","level5_41","59234","84235.132813,1306.546021,128582.960938"
"1268","level5_42","59234","84128.656250,1884.848022,138724.234375"
"1269","level5_43","59234","76265.328125,851.101685,142572.703125"
"1270","level5_44","59234","72942.843750,792.864990,132681.562500"
"1271","level5_45","59234","68401.539063,1145.230103,126946.664063"
"1272","level5_46","59234","59275.312500,2988.944336,95806.437500"
"1273","level5_47","59234","57129.722656,3792.024170,84244.156250"
"1274","level5_48","59234","45567.480469,1683.139038,67114.687500"
"1275","level5_49","59234","35593.089844,1121.099854,48905.742188"
"1276","level5_50","59234","28164.517578,1292.349243,51356.769531"
"1277","level5_51","59234","140461.578125,-366.625977,47332.710938"
"1278","level5_52","59234","129147.398438,770.123291,38676.085938"
"1279","level5_53","59234","122517.296875,-1091.943359,42145.117188"
"1280","level5_54","59234","121529.343750,-853.305054,52782.726563"
"1281","level5_55","59234","121767.671875,-809.854126,53404.261719"
"1282","level5_56","59234","120887.406250,-758.770752,53313.941406"
"1283","level5_57","59234","156495.000000,2746.154785,74137.804688"
"1284","level5_58","59234","164443.609375,4235.134766,80244.593750"
"1285","level5_59","59234","177335.609375,4936.877441,105256.531250"
"1286","level5_60","59234","171666.875000,7674.569824,114844.140625"
"1287","level5_61","59234","168901.218750,8273.657227,132011.421875"
"1288","level5_62","59234","172436.625000,8076.577637,129129.617188"
"1289","level5_63","59234","180152.312500,8410.125977,139691.828125"
"1290","level5_64","59234","177563.468750,8883.816406,159135.515625"
"1291","level5_65","59234","177111.062500,8910.583984,158242.046875"
"1292","level5_66","59234","168355.515625,8647.992188,148055.031250"
"1293","level5_67","59234","153869.343750,12848.530273,114192.492188"
"1294","level5_68","59234","153331.609375,12975.208984,114245.984375"
"1295","level5_69","59234","153109.765625,12950.137695,114669.437500"
"1296","level5_70","59234","149728.687500,13252.679688,111032.968750"
"1297","level5_71","59234","142835.015625,7251.425293,95838.632813"
"1298","level5_72","59234","139311.281250,7090.246582,94570.398438"
"1299","level5_73","59234","133359.312500,6925.726563,92415.546875"
"1300","level5_74","59234","130995.945313,6763.090332,95863.296875"
"1301","level5_75","59234","120404.382813,7120.894043,101345.609375"
"1302","level5_76","59234","122702.867188,6837.965332,108656.906250"
"1303","level5_77","59234","122476.929688,6995.548828,119833.164063"
"1304","level5_78","59234","129268.015625,7690.543945,117726.171875"
"1305","level5_79","59234","155456.828125,8180.648926,138319.218750"
"1306","level5_80","59234","127435.203125,467.974854,31804.509766"
"1307","level5_81","59234","120939.648438,1415.454102,33532.152344"
"1308","level5_82","59234","108735.156250,1693.173218,27116.714844"
"1309","level5_83","59234","109586.062500,1425.582886,34650.652344"
"1310","level5_84","59234","87110.640625,1448.944092,31596.148438"
"1311","level5_85","59234","73114.000000,2251.828125,22645.517578"
"1312","level5_86","59234","116476.820313,-807.733154,80822.843750"
"1313","level5_87","59234","113271.132813,-638.687134,83729.593750"
"1314","level5_88","59234","108768.625000,1002.182007,84887.171875"
"1315","level5_89","59234","106971.109375,1133.169556,94206.664063"
"1316","level5_90","59234","96535.085938,1431.964111,92188.109375"
"1317","level5_91","59234","99252.609375,1153.735352,100261.718750"
"1318","level5_92","59234","92772.750000,356.527710,114264.929688"
"1319","level5_93","59234","91139.234375,1312.716675,121253.281250"
"1320","level5_94","59234","102526.914063,1685.498047,157275.578125"
"1321","level5_95","59234","101695.117188,2235.247803,161348.531250"
"1322","level5_96","59234","78435.460938,5602.362305,162096.625000"
"1323","level5_97","59234","62285.863281,1138.040161,144791.687500"
"1324","level5_98","59234","62255.250000,1621.551514,121694.382813"
"1325","level5_99","59234","55395.671875,1733.981323,111491.921875"
"1326","level5_100","59234","59424.437500,2777.981445,103614.632813"
"1327","level5_101","59234","72943.843750,2603.933594,83852.406250"
"1328","level5_102","59234","80036.734375,2624.621582,78088.656250"
"1329","level5_103","59234","78460.132813,1784.677124,70963.093750"
"1330","level5_104","59234","90216.226563,2277.029297,74714.296875"
"1331","level5_105","59234","100424.906250,1251.266479,79480.710938"
"1332","level5_106","59234","112525.804688,1571.984863,87900.890625"
"1333","level5_107","59234","119979.968750,3644.525146,88604.664063"
"1334","level5_108","59234","128248.203125,-1175.753784,73019.320313"
"1335","level5_109","59234","122960.921875,-978.356934,67883.437500"
"1336","level5_110","59234","113595.351563,1392.950439,50414.453125"
"1337","level5_111","59234","103366.890625,1240.545654,35391.609375"
"1338","level5_112","59234","43626.625000,1733.099365,67951.375000"
"1339","level5_113","59234","35904.847656,3219.210938,68737.734375"
"1340","level5_114","59234","29274.566406,1130.657959,78563.156250"
"1341","level5_115","59234","25164.142578,753.640747,91791.421875"
"1342","level5_116","59234","25011.007813,699.804688,96444.796875"
"1343","level5_117","59234","25467.609375,595.159912,105994.179688"
"1344","level5_118","59234","26069.812500,723.275757,109111.023438"
"1345","level5_119","59234","19058.164063,433.862305,110644.742188"
"1346","level5_120","59234","19511.339844,249.002075,115087.671875"
"1347","level5_121","59234","36899.917969,11557.249023,138249.968750"
"1348","level5_122","59234","65802.250000,1454.461670,141869.234375"
"1349","level5_123","59234","99280.765625,561.285400,137886.328125"
"1350","level5_124","59234","151531.250000,9909.956055,131018.492188"
"1351","level5_125","59234","188057.171875,6895.602539,108030.078125"
"1352","level5_126","59234","187557.031250,4788.679688,97207.898438"
"1353","level5_127","59234","181394.609375,12177.205078,77282.656250"
"1354","level5_128","59234","159723.515625,305.053711,53840.515625"
"1355","level5_129","59234","166956.671875,331.454468,48398.253906"
"1356","level5_130","59234","172662.078125,42.042542,51216.058594"
"1357","level5_131","59234","176633.640625,-483.255005,49610.082031"
"1358","level5_132","59234","181204.546875,-174.902344,49838.789063"
"1359","level5_133","59234","180960.468750,-277.244568,53865.519531"
"1360","level5_134","59234","186772.390625,213.156128,54185.386719"
"1361","level5_135","59234","178183.406250,39.224243,48504.472656"
"1362","level5_136","59234","173561.234375,-339.099121,48269.292969"
"1363","level5_137","59234","146617.734375,-284.063721,54893.328125"
"1364","level5_138","59234","131503.765625,55.517578,59099.175781"
